"date","open","close","high","low"
"2016/12/19","263","263.3","262.4","263.5"
"2016/12/20","263","262.92","262.18","263.54"
"2016/12/21","262","261.5","260","263"
"2016/12/22","261.5","260.14","260","261.55"
"2016/12/23","260","260.75","259.8","260.9"
"2016/12/26","261.5","261.5","260.02","261.5"
"2016/12/27","261.5","261.5","261.5","262.4"
"2016/12/28","262.5","263.06","261.53","263"
"2016/12/29","263.49","263.75","262.5","264.5"
"2016/12/30","263.3","265.35","263.3","266.3"
"2017/1/3","265.35","265.24","264.6","266.66"
"2017/1/4","265.98","265.3","264.61","266"
"2017/1/5","265.9","265.6","264.6","265.9"
"2017/1/6","265.6","265.25","265.05","266.49"
"2017/1/9","266.65","266.33","265.12","266.65"
"2017/1/10","266.8","268.68","266.51","268.98"
"2017/1/11","268.21","269.09","268.21","269.5"
"2017/1/12","269","269.78","267.04","269.89"
"2017/1/13","270","269.27","267.03","270"
"2017/1/16","268.15","271.29","268.15","271.5"
"2017/1/17","270.39","272.29","270.3","272.5"
"2017/1/18","272.11","271.8","271.2","272.98"
"2017/1/19","270.95","268.99","267.8","271.7"
"2017/1/20","268.99","269.51","268","269.51"
"2017/1/23","285","270.64","269","285"
"2017/1/24","271.29","270.27","270.2","271.45"
"2017/1/25","270.27","268.68","268","270.3"
"2017/1/26","268.98","266.71","266.04","268.98"
"2017/2/3","269.95","269.58","269.5","270"
"2017/2/6","269.78","271.81","269.6","272.22"
"2017/2/7","272.5","274.49","272.5","274.5"
"2017/2/8","274.01","274.95","273.8","275.4"
"2017/2/9","275.7","276.46","275.7","276.66"
"2017/2/10","276.18","273.54","272.7","277.35"
"2017/2/13","273.51","274.76","273.5","275.28"
"2017/2/14","265.39","274.44","265.38","274.69"
"2017/2/15","274.6","273.17","273.02","274.6"
"2017/2/16","272.88","274.67","272.8","275.01"
"2017/2/17","276","275.74","274.52","276"
"2017/2/20","275.74","275.69","275","276.4"
"2017/2/21","275.7","275.79","275.21","276"
"2017/2/22","275.15","275.83","274.6","276.2"
"2017/2/23","275.01","276.05","275.01","276.4"
"2017/2/24","276.3","279.52","276.3","279.58"
"2017/2/27","280.01","280.58","278.02","282.2"
"2017/2/28","280.01","280","279.6","280.99"
"2017/3/1","280","277.24","277.2","280"
"2017/3/2","277.24","278.27","277.1","278.79"
"2017/3/3","277.5","276.24","275.9","277.95"
"2017/3/6","276","276.34","276","277.35"
"2017/3/7","276.2","275.64","275.5","277.39"
"2017/3/8","275.14","274.07","274","275.2"
"2017/3/9","273.88","272.01","272.01","273.88"
"2017/3/10","271.61","270.59","270.51","273.49"
"2017/3/13","270.88","273.37","270.88","273.4"
"2017/3/14","272.5","271.84","271.56","272.85"
"2017/3/15","272.38","272.36","271.3","272.5"
"2017/3/16","271.6","275.77","271.3","276.3"
"2017/3/17","276.5","275.68","275.2","276.5"
"2017/3/20","268","277.4","268","277.9"
"2017/3/21","276.06","276.33","275","277.3"
"2017/3/22","278.28","278.4","276.7","278.6"
"2017/3/23","277.51","278.6","277.51","278.6"
"2017/3/24","278","277.66","276.5","279"
"2017/3/27","277.85","280.35","277","280.9"
"2017/3/28","280.8","280.28","280","281.1"
"2017/3/29","280.6","279.53","279.12","280.99"
"2017/3/30","280.44","279.4","279","280.44"
"2017/3/31","279.3","277.97","277.35","279.3"
"2017/4/5","281","280.06","279","281"
"2017/4/6","279.8","280.49","278.8","280.6"
"2017/4/7","280","282.43","279.8","284"
"2017/4/10","283","281.11","280.52","284"
"2017/4/11","280.1","281.38","280.1","281.99"
"2017/4/12","282.22","284.47","282.11","285.4"
"2017/4/13","284.99","286.31","284.56","286.6"
"2017/4/14","286.01","286.84","285.51","286.9"
"2017/4/17","287.99","286.99","285","288.2"
"2017/4/18","286.99","285.75","285.65","287"
"2017/4/19","286.89","285.98","285","287"
"2017/4/20","286","285.35","283.23","286"
"2017/4/21","285.3","285.06","284","285.6"
"2017/4/24","285.1","283.82","283.54","286.93"
"2017/4/25","283","283.75","283","285.25"
"2017/4/26","283.2","282.23","282.2","284.43"
"2017/4/27","282.98","282.57","282.5","283.1"
"2017/4/28","281.6","283","281.5","283"
"2017/5/2","282","281","281","282"
"2017/5/3","281.49","280.58","280.15","281.49"
"2017/5/4","280.5","276.29","276.2","280.5"
"2017/5/5","278.99","276.96","275","278.99"
"2017/5/8","274.69","275.5","274.69","277"
"2017/5/9","275.8","275","275","276.5"
"2017/5/10","274","274.61","273.6","275.49"
"2017/5/11","275","274.76","274.05","275.29"
"2017/5/12","274.5","275.37","274.5","275.56"
"2017/5/15","275.5","276","275.2","276.99"
"2017/5/16","277","276.84","276.56","277.49"
"2017/5/17","276.55","277.95","276.21","278.48"
"2017/5/18","277.95","279.71","277.95","281"
"2017/5/19","280.11","279.08","279","281.98"
"2017/5/22","278.8","280.02","278.8","280.48"
"2017/5/23","280","281.03","280","281.85"
"2017/5/24","281.03","279.59","278.7","285"
"2017/5/25","278.6","280.16","278.01","280.48"
"2017/5/26","279","280.09","278.38","280.57"
"2017/5/31","280","279.2","278.9","280.56"
"2017/6/1","279.06","279.01","278.88","280"
"2017/6/2","278","278.68","278","278.7"
"2017/6/5","278.99","281.57","278.5","282"
"2017/6/6","282","283.3","279","283.5"
"2017/6/7","283.3","283.59","283.01","283.88"
"2017/6/8","283.59","283.5","283.05","283.9"
"2017/6/9","282.35","280.37","280.01","282.35"
"2017/6/12","281.59","279.17","279.01","281.6"
"2017/6/13","279","278.6","278.07","279.5"
"2017/6/14","277.5","279.77","277.5","280"
"2017/6/15","280.99","278.51","278.2","281.6"
"2017/6/16","277.06","277.38","277","277.58"
"2017/6/19","277.98","276.8","276.5","277.98"
"2017/6/20","276.5","276.34","276","276.5"
"2017/6/21","276","276.3","275.65","276.9"
"2017/6/22","275.9","278","275.9","278.18"
"2017/6/23","278","277.94","277.1","278.2"
"2017/6/26","279.99","278.35","278.2","279.99"
"2017/6/27","276.5","276.88","276.01","277"
"2017/6/28","277","276.74","276","277"
"2017/6/29","277.5","275","275","277.5"
"2017/6/30","275","273.6","273.05","275"
"2017/7/3","274","272.3","272","274"
"2017/7/4","272","270.59","269.38","272"
"2017/7/5","270.9","270.5","270","271.89"
"2017/7/6","269.6","270.39","269.2","271"
"2017/7/7","270.5","270.21","269.7","270.8"
"2017/7/10","270.2","266.47","266.44","270.27"
"2017/7/11","267.1","267.68","267","268.99"
"2017/7/12","268.82","269.07","267.4","269.86"
"2017/7/13","269.1","269.4","269.1","269.8"
"2017/7/14","268.8","268.55","268","269"
"2017/7/17","270.99","270.49","269.51","271.98"
"2017/7/18","271.64","271.02","270.72","271.8"
"2017/7/19","271.38","271.92","271.38","272"
"2017/7/20","272","271.66","271.1","272.09"
"2017/7/21","271.25","273.32","271.2","273.35"
"2017/7/24","273.9","273.97","273.7","274.68"
"2017/7/25","274.5","274.25","273.5","274.5"
"2017/7/26","273.01","272","272","273.38"
"2017/7/27","271.7","275.04","271.7","275.48"
"2017/7/28","274.6","274.73","274.35","275.49"
"2017/7/31","274.16","275.5","274.16","276.3"
"2017/8/1","275.02","275.78","275.02","275.99"
"2017/8/2","274.65","274.89","274.65","276"
"2017/8/3","274.63","274","274","275.88"
"2017/8/4","275.49","275.01","274.57","275.8"
"2017/8/7","274.75","273.57","273.48","274.75"
"2017/8/8","273","273.16","273","274.74"
"2017/8/9","275.99","273.94","272.99","275.99"
"2017/8/10","274.97","275.8","274.97","275.9"
"2017/8/11","275.9","276.75","275.76","277.2"
"2017/8/14","276.25","277.2","276.2","277.5"
"2017/8/15","277","275.28","274.51","277"
"2017/8/16","274.11","274.79","274.05","275.95"
"2017/8/17","275.2","277.01","274.31","277.49"
"2017/8/18","277","278.04","275.2","278.14"
"2017/8/21","279","277.64","276","279.2"
"2017/8/22","277.05","277.06","276.7","278.49"
"2017/8/23","276.51","277.22","276.51","277.99"
"2017/8/24","277.38","277.52","276.8","278"
"2017/8/25","277.52","277.21","276.38","277.52"
"2017/8/28","277.39","278.02","276","278.2"
"2017/8/29","277.86","281.1","277.81","281.31"
"2017/8/30","281.5","279.02","279","281.5"
"2017/8/31","278.25","278","277.01","278.94"
"2017/9/1","278.2","279.94","278","280.28"
"2017/9/4","279.94","282.27","279.21","282.15"
"2017/9/5","282.4","281.23","280.8","282.4"
"2017/9/6","281.29","282.28","281.29","282.1"
"2017/9/7","282.45","281.41","280.43","282.45"
"2017/9/8","281.5","281.81","281.25","282.55"
"2017/9/11","281.81","281","280.88","282"
"2017/9/12","280.6","279.98","279.9","281.65"
"2017/9/13","280","280.42","279.81","280.7"
"2017/9/14","280.4","279.73","279.5","280.4"
"2017/9/15","279.55","280.38","279.05","281.26"
"2017/9/18","279.65","279.18","278.5","279.65"
"2017/9/19","278.15","278.07","277.77","279.4"
"2017/9/20","278.5","279.21","278.1","279.3"
"2017/9/21","277.84","276.3","275.54","279.45"
"2017/9/22","275.55","277.51","275","279.9"
"2017/9/25","278","277.08","276","278"
"2017/9/26","278","280.53","276.51","280.98"
"2017/9/27","278.03","278.43","278.03","279.95"
"2017/9/28","278","276.98","276.8","278"
"2017/9/29","276.01","277.97","276.01","278"
"2017/10/9","277.96","277.03","276.4","277.99"
"2017/10/10","279.99","276.32","276.3","279.99"
"2017/10/11","276.7","275.49","275.49","277.8"
"2017/10/12","275.5","276.89","275.5","277.75"
"2017/10/13","276.5","276.74","276.16","277"
"2017/10/16","276.51","277.73","276.51","277.86"
"2017/10/17","278.35","276.83","276.2","278.35"
"2017/10/18","276.26","275.65","275.5","278.99"
"2017/10/20","275.59","276.02","275","276.29"
"2017/10/23","275.85","274.35","274.02","275.85"
"2017/10/24","273.5","274.79","273.5","275.49"
"2017/10/25","274.5","273.99","273.98","274.96"
"2017/10/26","273.51","274.85","273.5","275.5"
"2017/10/27","274.4","273.27","273","274.5"
"2017/10/30","271.77","273.07","271.76","273.89"
"2017/10/31","272.75","274.16","272.75","274.35"
"2017/11/1","272.53","273.47","272.53","274"
"2017/11/2","273.3","273.93","273.3","273.93"
"2017/11/3","274","274.45","273.51","274.88"
"2017/11/6","274.3","273.09","273.09","274.54"
"2017/11/7","273.15","274.5","273.15","274.9"
"2017/11/8","274.21","274.86","274.05","274.9"
"2017/11/9","275","275.08","274.55","275.8"
"2017/11/10","275.08","276.4","275.08","276.5"
"2017/11/13","276.68","275.12","275","276.82"
"2017/11/14","275","274.91","274.55","275.77"
"2017/11/15","274.31","275.51","273.02","275.88"
"2017/11/16","275.05","274.78","273.51","275.1"
"2017/11/17","274.7","274.74","274.18","275.6"
"2017/11/20","275.93","276.41","275.93","276.55"
"2017/11/21","275.88","275.46","274.11","275.88"
"2017/11/22","274.5","274.67","274.1","276"
"2017/11/23","275.01","275.16","275","275.99"
"2017/11/24","275.44","275.57","274.8","275.86"
"2017/11/27","274.11","275.13","274.11","275.49"
"2017/11/28","275.98","276.09","275.01","276.95"
"2017/11/29","276.5","276.38","273","276.5"
"2017/11/30","275.75","274.79","273","275.75"
"2017/12/1","274","273.09","273","275"
"2017/12/4","272.85","273.05","272.22","274"
"2017/12/5","272.55","273.18","272.5","274.49"
"2017/12/6","272.8","271.8","271","273.59"
"2017/12/7","271.8","269.89","269.99","272.79"
"2017/12/8","269","268.89","268.45","269.97"
"2017/12/11","268.5","268.5","267.7","269.83"
"2017/12/12","268.3","268.32","268","269"
"2017/12/13","268.29","267.52","267.39","268.3"
"2017/12/14","267.98","269.37","267.8","270.99"
"2017/12/15","270.6","269.96","269.5","270.68"
"2017/12/18","270.1","270.4","269.09","270.9"
"2017/12/19","270.95","271.49","270.68","271.49"
"2017/12/20","270.9","270.79","270.5","271.5"
"2017/12/21","268.09","270.56","268.09","271.3"
"2017/12/22","270","271.31","270","271.5"
"2017/12/25","270.9","272.2","270.58","272.5"
"2017/12/26","271.51","272.3","271.51","272.9"
"2017/12/27","272.5","272.93","271.21","273"
"2017/12/28","273","272.61","271","274.95"
"2017/12/29","273.58","273.42","273.25","274.5"
"2018/1/2","274.95","274.78","274.6","276"
"2018/1/3","275","276.31","275","276.97"
"2018/1/4","276.5","275.29","274.89","276.5"
"2018/1/5","275.4","276.32","275.35","276.9"
"2018/1/8","275.61","276.93","275.61","277"
"2018/1/9","276.35","277","276.08","277.5"
"2018/1/10","277","276.35","276.1","277.1"
"2018/1/11","277.5","277.79","271","278"
"2018/1/12","272.05","278.44","271.5","278.53"
"2018/1/15","278.48","279.39","277.61","279.46"
"2018/1/16","279.78","278.98","278.02","279.78"
"2018/1/17","278.05","278.16","277","279"
"2018/1/18","278.16","276.99","275","278.16"
"2018/1/19","276.5","276.15","275.55","276.95"
"2018/1/22","276.2","275.91","275.66","276.5"
"2018/1/23","275.55","277.45","275.55","277.49"
"2018/1/24","276.35","277.72","276.35","277.98"
"2018/1/25","278.5","278.62","277.85","279.5"
"2018/1/26","278.02","277.29","277.1","278.3"
"2018/1/30","275.3","274.06","274","275.3"
"2018/1/31","274.53","274.85","274.01","275.99"
"2018/2/1","273.68","273.53","273.05","277"
"2018/2/2","272.23","273.57","272.23","274.59"
"2018/2/5","273.78","271.78","271.5","273.8"
"2018/2/6","272","273.64","271.5","275"
"2018/2/7","273.5","269.8","269.5","273.85"
"2018/2/8","269.5","269.61","268","271.43"
"2018/2/9","269.95","270.13","269.79","271.69"
"2018/2/12","268.5","270.19","268.5","270.88"
"2018/2/13","269.11","270.93","268.89","271.4"
"2018/2/14","272.49","272.82","271","273.39"
"2018/2/22","270.3","271.33","270.3","272.17"
"2018/2/23","272.1","271.48","270","272.64"
"2018/2/26","272.01","273.99","271.2","274.55"
"2018/2/27","272.5","272.68","271.51","272.93"
"2018/2/28","271.05","270.2","270","272.01"
"2018/3/1","270.95","270.06","269.8","271"
"2018/3/2","270.87","271.14","269.38","271.27"
"2018/3/5","271.8","272.04","271.51","272.3"
"2018/3/6","272.37","271.79","270.03","272.37"
"2018/3/7","271.01","272.5","271.01","273.1"
"2018/3/8","273.2","272.45","271.82","273.2"
"2018/3/9","272","270.97","270.11","272"
"2018/3/12","270","270.82","270","271.95"
"2018/3/13","271","271","270.55","271.6"
"2018/3/14","271","271.89","271","271.9"
"2018/3/15","271.75","271.5","271","271.8"
"2018/3/16","274.99","270.29","269.15","274.99"
"2018/3/19","270.08","268.81","268.8","270.08"
"2018/3/20","268.81","269.84","268.8","270"
"2018/3/22","270","271.8","268.73","272.49"
"2018/3/23","272","274.59","272","274.7"
"2018/3/26","274.95","274.12","274.08","275.49"
"2018/3/27","273.55","274.23","273.55","275"
"2018/3/28","274","272.66","272.5","274"
"2018/3/30","270","270.37","270","270.9"
"2018/4/3","270.29","272.46","270.29","272.85"
"2018/4/4","272.79","272.36","271.5","272.79"
"2018/4/9","272.99","271.81","271.68","272.99"
"2018/4/10","272.58","271.63","271.5","273"
"2018/4/11","272","273.43","271.75","273.5"
"2018/4/12","274.88","274.25","273.25","275.75"
"2018/4/13","272.68","272.36","272.18","273.28"
"2018/4/16","271.9","273.2","271.9","274.47"
"2018/4/17","274.4","273.56","271","274.4"
"2018/4/18","272.2","273.75","272.2","273.88"
"2018/4/19","274","274.01","273.62","275"
"2018/4/20","273.6","273.72","273","274"
"2018/4/23","272.01","271.98","271.55","273.66"
"2018/4/24","272.29","270.55","270.12","272.29"
"2018/4/25","271.8","271.3","270.65","272.98"
"2018/4/26","272.4","270.68","270.6","272.4"
"2018/4/27","270.61","270.75","270.3","271.9"
"2018/5/2","261.05","269.68","261.05","270.67"
"2018/5/3","269.9","269.64","269.5","270.5"
"2018/5/4","270.68","269.75","269.5","270.68"
"2018/5/7","269.65","270.89","269.65","271.35"
"2018/5/8","270.99","270.77","270","270.99"
"2018/5/9","269.4","269.89","269.4","270.89"
"2018/5/10","270.75","270.52","269.36","270.8"
"2018/5/11","271.42","270.98","270.6","271.42"
"2018/5/14","270.6","270.44","270.1","270.99"
"2018/5/15","271","269.85","269.2","271"
"2018/5/16","269.1","267.23","266.9","269.1"
"2018/5/17","266","266.05","265.79","267.75"
"2018/5/18","266","266.18","265.6","266.6"
"2018/5/21","265.8","265.94","265","267.35"
"2018/5/22","265.8","266.25","265.55","266.85"
"2018/5/23","266.11","266.5","266","266.79"
"2018/5/24","266.51","267.23","266.5","267.8"
"2018/5/25","267.31","269.48","267.31","269.5"
"2018/5/28","267","268","267","268.98"
"2018/5/29","268.5","268.72","268.5","269.33"
"2018/5/30","269.98","269.61","269","269.98"
"2018/5/31","268.3","269.58","268.3","270"
"2018/6/1","269.42","268.57","268.41","270"
"2018/6/4","268.51","268.26","268.05","269.3"
"2018/6/5","268.6","267.66","267.05","268.6"
"2018/6/6","268.75","268.26","267.15","268.75"
"2018/6/7","267.71","267.65","267.5","268.37"
"2018/6/8","268.35","268.62","267.71","268.68"
"2018/6/11","268.99","268.5","268.47","269.5"
"2018/6/12","268.5","268.41","268","268.99"
"2018/6/13","268.2","267.96","267.62","268.8"
"2018/6/14","267.95","269.03","267.95","269.49"
"2018/6/15","269.03","269.22","269.01","270"
"2018/6/19","267.99","267.59","267","267.99"
"2018/6/20","266.6","267.38","266.6","268.43"
"2018/6/21","268.28","266.09","265.7","268.3"
"2018/6/22","266.2","267.16","266","267.9"
"2018/6/25","266.25","267.68","266","268.85"
"2018/6/26","268","267.82","267.16","268.25"
"2018/6/27","266.9","268.14","266.51","268.27"
"2018/6/28","267.5","267.5","267.5","268"
"2018/6/29","268","267.5","267.25","268"
"2018/7/2","267.25","268.29","267","268.36"
"2018/7/3","269.83","268.59","267.89","269.88"
"2018/7/4","268.55","268.93","268.5","269.75"
"2018/7/5","269.5","268.92","268.18","269.5"
"2018/7/6","268","269.78","268","269.9"
"2018/7/9","269.4","269.69","268.6","270"
"2018/7/10","269.5","268.77","268.5","269.89"
"2018/7/11","268.21","269.5","268.21","269.66"
"2018/7/12","269.02","268.55","268.5","269.62"
"2018/7/13","268.6","268","268","269.49"
"2018/7/16","268.5","268.74","268.12","269.19"
"2018/7/17","268.1","268.2","267.6","268.3"
"2018/7/18","267","265.4","265.3","268.87"
"2018/7/19","265.4","266.67","265.4","269.49"
"2018/7/20","265.55","267.3","265.55","268"
"2018/7/23","269.9","268.66","268","269.9"
"2018/7/24","270.96","268.27","268.2","270.96"
"2018/7/25","267.58","268.66","267.58","269.38"
"2018/7/26","268.01","269.35","268","269.47"
"2018/7/27","269.87","268.99","268.51","269.87"
"2018/7/30","268.1","268.84","268.1","269.46"
"2018/7/31","268.25","269.15","268.25","269.45"
"2018/8/1","268.68","268.98","268.38","269.35"
"2018/8/2","268.99","268.73","268.2","268.99"
"2018/8/3","267.01","268.25","267.01","268.77"
"2018/8/6","268.96","268.25","267.9","268.98"
"2018/8/7","267.27","268.05","267.27","268.68"
"2018/8/8","268","267.39","267.2","268"
"2018/8/9","266.68","267.87","266","268.5"
"2018/8/10","266.06","267.77","266.05","268.6"
"2018/8/13","268.5","268.44","267.82","268.93"
"2018/8/14","266.43","266.19","265.75","267.77"
"2018/8/15","266.8","265.18","265.15","266.88"
"2018/8/16","264.8","262.77","261.25","266.39"
"2018/8/17","263.55","262.38","261.9","263.89"
"2018/8/20","263.45","263.54","262.6","263.7"
"2018/8/21","263.95","264.79","263.16","265"
"2018/8/22","264.48","264.7","263.6","264.96"
"2018/8/23","265","265.1","264.23","266.37"
"2018/8/24","265.22","264.9","264.28","265.22"
"2018/8/27","265.99","265.49","265.48","266.1"
"2018/8/28","265.55","266.67","265.55","266.79"
"2018/8/29","266.3","265.68","265.12","266.3"
"2018/8/30","265.62","265.94","265.5","266.55"
"2018/8/31","265.81","266.49","265.4","266.5"
"2018/9/3","266.48","265.55","265.4","266.51"
"2018/9/4","265.89","264.36","264.3","265.89"
"2018/9/5","263.96","264.47","263.96","265.35"
"2018/9/6","265","264.98","264.16","265.35"
"2018/9/7","266.75","265.87","265","266.75"
"2018/9/10","264.7","265.41","264.7","265.9"
"2018/9/11","269","266","265.15","269"
"2018/9/12","265.01","265.5","264","266.25"
"2018/9/13","265.5","266.69","265.5","266.94"
"2018/9/14","266.56","266.94","266","267"
"2018/9/17","267","266.29","265.55","267"
"2018/9/18","266.5","266.22","266","266.88"
"2018/9/19","266.26","266.99","266.25","267"
"2018/9/20","266.99","267.19","266.7","267.2"
"2018/9/21","266.8","267.66","265","268.18"
"2018/9/25","266.18","266.45","265.75","267.35"
"2018/9/26","267.99","267.59","266.35","269"
"2018/9/27","266.21","266.46","265.8","267.45"
"2018/9/28","265.06","264.68","263.9","265.5"
"2018/10/8","268.95","267.16","266.56","268.95"
"2018/10/9","266.51","266.84","266.5","267.86"
"2018/10/10","266.01","266.93","266.01","267.85"
"2018/10/11","267.1","268.42","267.1","268.49"
"2018/10/12","269.7","271.76","268.65","272.4"
"2018/10/15","272.2","274.72","271","275"
"2018/10/16","275","274.47","272.99","275.49"
"2018/10/17","274.47","273.44","273.01","274.74"
"2018/10/18","274","273.93","273","274.28"
"2018/10/19","273.39","274.66","273.39","275.5"
"2018/10/22","275.59","275.11","274.25","275.59"
"2018/10/23","273.81","276.39","273.81","276.44"
"2018/10/24","277","276.4","276.2","277.68"
"2018/10/25","276","277.78","276","277.9"
"2018/10/26","277","277.31","276.33","277.65"
"2018/10/29","276.8","277.13","276.8","278.28"
"2018/10/30","276.56","276.16","276","277.49"
"2018/10/31","276","274.09","274","276.3"
"2018/11/1","274","274.98","273.6","275.3"
"2018/11/2","277.43","274.92","274.6","277.43"
"2018/11/5","275.92","275.55","275","275.94"
"2018/11/6","276.35","274.92","274.56","276.35"
"2018/11/7","276.49","275.46","274.6","276.49"
"2018/11/8","275.6","273.87","273.05","275.6"
"2018/11/9","274.94","274.26","274","274.94"
"2018/11/12","273.26","274.41","271.6","275"
"2018/11/13","271.6","271.11","270.7","272.7"
"2018/11/14","269.21","270.85","269.21","271.48"
"2018/11/15","269.15","271.97","269.1","272"
"2018/11/16","271.15","272.89","271.15","273.05"
"2018/11/19","273.8","273.78","273.05","274.1"
"2018/11/20","273.7","274.67","273.21","274.68"
"2018/11/21","274.5","274.61","274","275"
"2018/11/22","273.75","274.97","273.75","275.4"
"2018/11/23","274.11","275.42","274.11","276"
"2018/11/26","273.06","274.96","273.06","274.99"
"2018/11/27","274.99","274.76","273.5","274.99"
"2018/11/28","275","273.87","272.96","275.98"
"2018/11/29","274","275.12","273.01","275.49"
"2018/11/30","274.88","274.3","274.3","275.47"
"2018/12/3","275.98","274.62","273.51","275.98"
"2018/12/4","273.81","274.61","273.81","275.55"
"2018/12/5","274.89","274.24","274","274.89"
"2018/12/6","274.5","275.35","274.5","275.9"
"2018/12/7","275.01","275.73","274.19","276.11"
"2018/12/10","275.77","278.42","275.77","278.5"
"2018/12/11","277.46","278.04","277.32","278.43"
"2018/12/12","277.76","277.54","277.07","278"
"2018/12/13","276.65","276.99","276.56","277.6"
"2018/12/14","277.44","276.67","276.51","277.44"
"2018/12/17","275.6","276.7","275.6","276.98"
"2018/12/18","275.82","278.23","275.82","278.49"
"2018/12/19","278.18","278.89","277.61","278.94"
"2018/12/20","277.75","278.63","277.75","279.94"
"2018/12/21","279.28","280.57","279.28","280.88"
"2018/12/24","281.58","281.99","280.11","282"
"2018/12/25","281.32","283.67","281.32","283.88"
"2018/12/26","282.15","284.31","282.15","284.5"
"2018/12/27","285.36","283.01","282.9","285.36"
"2018/12/28","283.01","283.62","283.01","284.42"
"2019/1/2","283.16","285.78","283.06","286"
"2019/1/3","285.05","287.48","283.3","287.94"
"2019/1/4","287.11","288.19","287.11","288.9"
"2019/1/7","287.01","286.85","284.28","288"
"2019/1/8","286.11","285.75","285.31","287.6"
"2019/1/9","285.8","284.55","284.15","285.8"
"2019/1/10","283.21","285.7","283.21","286"
"2019/1/11","285","283.76","283.3","285"
"2019/1/14","283.1","283.65","282.41","283.66"
"2019/1/15","283.31","282.82","282.6","283.5"
"2019/1/16","282.41","283.58","282.41","283.8"
"2019/1/17","283","283.72","282.51","283.99"
"2019/1/18","285.64","284.15","283.31","285.64"
"2019/1/21","282.7","282.66","282.01","283.48"
"2019/1/22","281.6","282.22","281.6","282.79"
"2019/1/23","282","283.22","281.1","283.95"
"2019/1/24","285","282.81","281.71","285"
"2019/1/25","281.81","282.41","281.81","283.26"
"2019/1/28","282.5","284.17","282.01","285"
"2019/1/29","284.97","285.64","284.97","286"
"2019/1/30","286","286.99","286","287"
"2019/1/31","286.3","286.57","285.41","286.98"
"2019/2/1","287.2","287.3","286.02","287.7"
"2019/2/11","286.31","287.24","286.07","288"
"2019/2/12","286.91","287.8","286.88","287.9"
"2019/2/13","287.5","287.59","286.51","288.09"
"2019/2/14","287","286.99","285.63","288"
"2019/2/15","285.68","288","285.68","288.5"
"2019/2/18","287.69","289.95","287.69","290.6"
"2019/2/19","290.5","290.72","290.2","291"
"2019/2/20","290.01","292.02","290.01","293.48"
"2019/2/21","294.49","290.65","290.1","294.49"
"2019/2/22","291.35","289.19","288.09","291.48"
"2019/2/25","287.65","288.73","287.65","289"
"2019/2/26","288","288.14","286.5","288.73"
"2019/2/27","288","288.07","286.94","288.49"
"2019/2/28","287.8","285.83","285.2","288"
"2019/3/1","287","284.76","284.21","288"
"2019/3/4","284.48","282.17","281.88","284.55"
"2019/3/5","281.25","280.34","279.01","282.4"
"2019/3/6","280.99","280.43","280","281.98"
"2019/3/7","281.3","280.32","280.1","281.81"
"2019/3/8","279.61","282.5","279.61","282.5"
"2019/3/11","283.18","284.09","283.18","284.5"
"2019/3/12","289","283.71","282.65","289"
"2019/3/13","284","285.61","282.73","285.88"
"2019/3/14","285.95","284.91","282","285.95"
"2019/3/15","284.15","284.23","283","284.25"
"2019/3/18","283.75","283.82","283.2","284.85"
"2019/3/19","283.75","285.4","283.67","285.46"
"2019/3/20","285.11","285.19","284.06","285.45"
"2019/3/21","284.03","286.4","284.03","287"
"2019/3/22","285.25","286.38","285","286.56"
"2019/3/25","285.12","287.74","285.12","288"
"2019/3/26","288.62","286.88","286.6","288.62"
"2019/3/27","287.5","287.41","286.2","287.84"
"2019/3/28","288.24","286.87","286.1","288.24"
"2019/3/29","285.01","281.5","281.5","285.01"
"2019/4/1","282.1","281.85","281.5","283.89"
"2019/4/2","283.8","282.12","281.6","283.8"
"2019/4/3","282","282.97","282","283.73"
"2019/4/4","281.61","282.45","281.61","283"
"2019/4/8","285.99","283.83","283","285.99"
"2019/4/9","284","284.31","283.75","285"
"2019/4/10","284.98","285.35","284.13","285.49"
"2019/4/11","285.48","285.78","285.2","285.98"
"2019/4/12","284.01","283.58","280.01","284.99"
"2019/4/15","283.31","282.28","281.1","283.31"
"2019/4/16","281.88","281.95","281.2","282"
"2019/4/17","281.01","280.4","279.05","281.01"
"2019/4/18","280.01","278.33","278.12","280.89"
"2019/4/19","280.84","279.97","279.1","280.84"
"2019/4/22","281.1","280.82","279","281.25"
"2019/4/23","279.75","279.14","278.9","280.85"
"2019/4/24","278.9","279.07","278.5","279.36"
"2019/4/25","278.66","280.48","278.51","280.5"
"2019/4/26","281","281.41","280.61","282.51"
"2019/4/29","281","281.71","279","282.38"
"2019/4/30","280.01","281.11","279.01","281.45"
"2019/5/6","282.5","282.97","282.4","283"
"2019/5/7","282.5","282.62","281.03","282.69"
"2019/5/8","280.32","283.37","280.31","283.44"
"2019/5/9","283.49","283.52","282.52","283.6"
"2019/5/10","283.71","283.99","283.01","284.85"
"2019/5/13","283.35","284.96","283.35","285.5"
"2019/5/14","285.51","288.04","285.51","289"
"2019/5/15","289.97","287.82","287","289.97"
"2019/5/16","287.82","288.61","287.01","288.9"
"2019/5/17","289.65","288.35","287.1","289.65"
"2019/5/20","287.13","286.91","286.16","287.36"
"2019/5/21","286.51","286.74","286.22","286.99"
"2019/5/22","286.16","286.53","284.21","286.98"
"2019/5/23","285.41","286.95","285.41","287.4"
"2019/5/24","288","288.32","288","288.7"
"2019/5/27","288.01","288.71","287.8","288.82"
"2019/5/28","287.6","288.21","287.6","288.6"
"2019/5/29","287.53","288.72","287.17","288.8"
"2019/5/30","288.5","287.91","287.52","289"
"2019/5/31","287.91","290.46","287.91","290.5"
"2019/6/3","291.08","293.85","290.91","294.1"
"2019/6/4","294","297.57","293.32","297.77"
"2019/6/5","296.68","298.94","295","299.05"
"2019/6/6","300","299.49","298","301.5"
"2019/6/10","299.49","298.22","298","299.9"
"2019/6/11","297.05","296.76","294.11","298.9"
"2019/6/12","296.58","299.28","296.53","300.06"
"2019/6/13","299","300.19","297","300.25"
"2019/6/14","300","304.33","299.12","305.25"
"2019/6/17","305.25","302.07","301.51","305.25"
"2019/6/18","300.86","303.98","300.86","304.39"
"2019/6/19","304.99","302.03","301.13","305"
"2019/6/20","300.82","308.67","300.82","309.69"
"2019/6/21","308.99","311.61","307.77","313.95"
"2019/6/24","311.48","313.97","310.9","314.5"
"2019/6/25","314.91","319.98","314.1","321"
"2019/6/26","319","314.31","314","320.59"
"2019/6/27","312.49","313.93","312.49","315.49"
"2019/6/28","313","314.93","312.21","317.79"
"2019/7/1","313.81","307.08","307","313.9"
"2019/7/2","309","309.62","308","309.89"
"2019/7/3","309.12","318.18","309","321"
"2019/7/4","316.1","314.69","314.15","319.95"
"2019/7/5","314.01","315.89","314.01","316.8"
"2019/7/8","314.51","314.22","311","315.5"
"2019/7/9","313.12","311.58","311","313.2"
"2019/7/10","312.99","311.43","311.12","314.5"
"2019/7/11","314.35","316.7","313.04","317.5"
"2019/7/12","315.51","314.52","313.8","315.51"
"2019/7/15","312.54","315.38","312.54","315.5"
"2019/7/16","315.3","315.74","315","316"
"2019/7/17","315.02","313.72","313.5","315.98"
"2019/7/18","313.81","316.73","313.76","318"
"2019/7/19","315.51","320.51","315.5","321.5"
"2019/7/22","319.02","318.43","317.5","321"
"2019/7/23","317.66","316.55","316","317.81"
"2019/7/24","316.12","316.85","316.12","318.65"
"2019/7/25","316.01","317.86","316.01","318.2"
"2019/7/26","318","316.79","316","319"
"2019/7/29","315.16","317.24","315.16","318.37"
"2019/7/30","317.01","318.35","317.01","318.37"
"2019/7/31","318.05","318.86","318.05","319.8"
"2019/8/1","319.35","315.17","314.8","319.35"
"2019/8/2","315.18","321.99","315.1","322.37"
"2019/8/5","322","330.34","319.05","332.9"
"2019/8/6","319.5","333.37","317.5","336.56"
"2019/8/7","333.37","340.02","333.37","340.2"
"2019/8/8","341","342.05","340","346"
"2019/8/9","340.2","343.66","340","344.44"
"2019/8/12","342.6","342.27","341.71","343.98"
"2019/8/13","343.09","349.49","343.09","349.5"
"2019/8/14","349.01","342.67","340","350"
"2019/8/15","342.03","344.8","342.03","347"
"2019/8/16","345.95","345.75","344.12","346.97"
"2019/8/19","343.51","344.31","343","345.55"
"2019/8/20","337.49","342.65","337.49","343"
"2019/8/21","343.3","343.82","342.65","344.57"
"2019/8/22","343","343.52","342.65","343.99"
"2019/8/23","343","343.47","343","343.8"
"2019/8/26","343.22","354.38","343.22","357"
"2019/8/27","354.5","355.91","353.5","355.97"
"2019/8/28","355.01","356.91","355","358"
"2019/8/29","361.93","359.99","356.11","361.93"
"2019/8/30","357.1","355.33","352.8","359.98"
"2019/9/2","353.8","353.54","353.11","356.75"
"2019/9/3","352.03","355","352","355"
"2019/9/4","357.94","357.36","355.51","360"
"2019/9/5","356.77","358.38","356.1","359.55"
"2019/9/6","357.8","348.62","348","357.8"
"2019/9/9","347","347.48","346","352.79"
"2019/9/10","348","343.27","342.22","348.36"
"2019/9/11","345.95","343.66","343.5","345.95"
"2019/9/12","344","345.03","342","345.1"
"2019/9/16","345.99","344.64","344","345.99"
"2019/9/17","345.89","344.48","343.5","345.89"
"2019/9/18","344.11","345.47","343.2","346.5"
"2019/9/19","343","345.36","342.6","345.67"
"2019/9/20","344.51","345.14","344.5","346.19"
"2019/9/23","344.21","349.29","343.56","349.88"
"2019/9/24","350","350.83","350","351.48"
"2019/9/25","351.95","352.78","349.7","353.35"
"2019/9/26","354.88","348.15","346","354.88"
"2019/9/27","346.5","347.35","346","348.7"
"2019/9/30","345.18","344.49","343.5","347.5"
"2019/10/8","344","345.04","343.2","347.9"
"2019/10/9","346.5","348.7","346.5","348.97"
"2019/10/10","256","347.48","256","348.6"
"2019/10/11","347.49","347.34","345","347.5"
"2019/10/14","345","341.22","339.3","347.67"
"2019/10/15","343.5","342.05","341","343.5"
"2019/10/16","341","340.79","339.52","342.5"
"2019/10/17","338.65","342","338.65","342.02"
"2019/10/18","341.99","342.06","340.4","342.1"
"2019/10/21","340.52","341.96","340.51","342.4"
"2019/10/22","341.6","342.14","340","342.29"
"2019/10/23","339.33","342","339.33","342"
"2019/10/24","341.01","341.88","340.02","342.79"
"2019/10/25","340.01","343.99","340.01","344"
"2019/10/28","345.6","343.93","342.01","348.28"
"2019/10/29","342.23","340.7","340.3","342.79"
"2019/10/30","340","340.37","339.98","341.3"
"2019/10/31","340.05","341.27","340","341.42"
"2019/11/1","343","342.74","342.13","344.21"
"2019/11/4","343.27","342.51","342.24","343.67"
"2019/11/5","300","341.07","300","343.3"
"2019/11/6","339.13","336.48","336","339.95"
"2019/11/7","333","337.85","333","344.98"
"2019/11/8","335.5","331.04","330.53","337.6"
"2019/11/11","328.11","331.34","328.02","331.48"
"2019/11/12","331.02","328.16","327.13","331.02"
"2019/11/13","327.41","331.98","327.41","332"
"2019/11/14","332.15","332.33","331.01","333.25"
"2019/11/15","332.7","331.61","331.1","332.89"
"2019/11/18","332","331.11","330.66","337.95"
"2019/11/19","329.35","333.87","328","334.75"
"2019/11/20","332.31","335","332.31","335"
"2019/11/21","334","335.23","333.52","335.5"
"2019/11/22","335.5","333.69","331.55","335.5"
"2019/11/25","332.26","331.89","330.84","335"
"2019/11/26","332.35","331.9","329.8","332.35"
"2019/11/27","330.27","330.96","330","332.3"
"2019/11/28","330.52","331.1","330.03","331.94"
"2019/11/29","330.56","331.5","330.5","331.5"
"2019/12/2","330.5","331.93","330.5","331.99"
"2019/12/3","344.99","332.6","331.01","344.99"
"2019/12/4","334.99","339.15","333.75","339.48"
"2019/12/5","335.08","336.63","335.05","337.96"
"2019/12/6","337","336.39","335.02","337"
"2019/12/9","335.04","332.5","331.35","335.04"
"2019/12/10","342.05","333.95","332","342.05"
"2019/12/11","333.51","333.7","333.38","333.9"
"2019/12/12","332.3","334.87","332.3","335.9"
"2019/12/13","339.94","334.57","331","339.94"
"2019/12/16","330.44","333.99","330.44","334"
"2019/12/17","333.5","334.6","333.35","334.8"
"2019/12/18","334.6","334.48","333.5","335.99"
"2019/12/19","333.82","333.42","333","334.7"
"2019/12/20","334.98","335.5","333.35","335.8"
"2019/12/23","334.65","335.34","334","337.79"
"2019/12/24","336.46","337.79","334.36","338"
"2019/12/25","338.89","339.61","337.02","342.99"
"2019/12/26","338.11","340.01","338.01","340.1"
"2019/12/27","340.1","340.97","339.11","342.85"
"2019/12/30","342","341.75","340.12","342.48"
"2019/12/31","340.15","342.91","340.15","343.1"
"2020/1/2","341.95","343.33","341.08","343.4"
"2020/1/3","341","347.44","341","348.2"
"2020/1/6","348.01","354.41","347","355.5"
"2020/1/7","354.5","351.4","348.8","355"
"2020/1/8","351","356.4","350.61","359.9"
"2020/1/9","355","346.25","344.6","355.49"
"2020/1/10","346.11","346.02","345","349.74"
"2020/1/13","346.95","346.12","345.21","348.27"
"2020/1/14","345.25","342.51","340.13","347.65"
"2020/1/15","342.65","344.15","342","346"
"2020/1/16","345","345.44","344.3","346"
"2020/1/17","346.01","345.33","343.32","346.33"
"2020/1/20","345.55","345.25","345","347.95"
"2020/1/21","346","348.01","346","348.8"
"2020/1/22","346.21","345.11","344.99","347.89"
"2020/1/23","353.99","347.51","344.1","353.99"
"2020/2/3","352.99","356.02","352.99","358"
"2020/2/4","356","354.11","353.9","356.86"
"2020/2/5","352.51","350.87","350","352.51"
"2020/2/6","350.1","349.26","348.5","350.2"
"2020/2/7","351.19","351.84","350.11","352.2"
"2020/2/10","352.8","353.46","351.15","354.2"
"2020/2/11","354.22","352.46","352.12","354.22"
"2020/2/12","351.25","352.19","351.15","353"
"2020/2/13","350.65","353.38","350.6","354"
"2020/2/14","352.55","353.07","352.55","354.97"
"2020/2/17","354.45","354.62","353.5","355.55"
"2020/2/18","354.21","356.59","354.19","356.65"
"2020/2/19","357.49","360.62","356.51","361"
"2020/2/20","361.01","360.11","360","363.29"
"2020/2/21","363.01","368.92","363.01","369"
"2020/2/24","370.5","377.66","369.01","377.8"
"2020/2/25","379.5","368.55","367","380"
"2020/2/26","372.49","371.02","369.03","372.7"
"2020/2/27","370.31","371.95","366.5","372.94"
"2020/2/28","372","366.73","366.5","373.9"
"2020/3/2","368.49","359.91","355","368.5"
"2020/3/3","362.99","359.99","358.3","362.99"
"2020/3/4","360.5","365.79","359","368"
"2020/3/5","365.06","366.37","365","367.79"
"2020/3/6","367.95","372.68","367.56","375.1"
"2020/3/9","374","372.68","368","377"
"2020/3/10","370.2","368.58","366","373.39"
"2020/3/11","369","369.99","367.5","370.97"
"2020/3/12","373","367.19","365.5","373"
"2020/3/13","365.01","357.2","350","365.08"
"2020/3/16","358","346.08","343","358.98"
"2020/3/17","335","332.4","250","339.89"
"2020/3/18","329.66","339.08","329.66","346.55"
"2020/3/19","340","336.58","332.1","340"
"2020/3/20","335.35","339.99","333.11","340"
"2020/3/23","341","339.13","338","341"
"2020/3/24","340.51","356.89","340.51","359"
"2020/3/25","366.31","364","358.14","368"
"2020/3/26","363","362.74","360.36","364.5"
"2020/3/27","359","365.5","359","367"
"2020/3/30","363.07","364.09","363.07","366.99"
"2020/3/31","365","364.68","363.81","365.45"
"2020/4/1","362.31","358.91","356.58","362.93"
"2020/4/2","358","361.12","355.01","361.43"
"2020/4/3","361.99","362.81","361.01","363.94"
"2020/4/7","372","371.68","371","376.15"
"2020/4/8","371.88","370.05","368","372.5"
"2020/4/9","371.95","370.66","369","371.99"
"2020/4/10","371.5","372.16","371.5","373.89"
"2020/4/13","372.27","372.26","371.13","375"
"2020/4/14","372.01","376.04","370.08","378.5"
"2020/4/15","378.38","374.05","373.8","379.58"
"2020/4/16","370","377.91","370","378.49"
"2020/4/17","379.5","371","370","380.4"
"2020/4/20","371.45","371.06","367","371.97"
"2020/4/21","371.85","374.24","371.01","374.36"
"2020/4/22","370.05","373.12","369.57","374.5"
"2020/4/23","378","378.83","373.92","380"
"2020/4/24","381","381.37","378.5","381.9"
"2020/4/27","383","380.91","378.3","383.18"
"2020/4/28","380.35","377.5","375.8","381.09"
"2020/4/29","378.17","378.17","377","379.16"
"2020/4/30","380","381","376.02","381"
"2020/5/6","379.89","380","379.5","380.99"
"2020/5/7","379.6","378.45","378.1","380.33"
"2020/5/8","379","382.83","379","383"
"2020/5/11","382.83","381.57","380.01","383.11"
"2020/5/12","381.59","381.66","380.35","382.02"
"2020/5/13","380.8","381.66","380.8","382.28"
"2020/5/14","382.75","383.42","382.3","383.45"
"2020/5/15","383.38","388.95","382.55","389.49"
"2020/5/18","389.5","398.37","389.5","399.77"
"2020/5/19","398.47","392.98","392","398.47"
"2020/5/20","392.48","396.55","392.45","397.65"
"2020/5/21","397.01","393.05","393","397.01"
"2020/5/22","394.99","393.83","389.95","395.34"
"2020/5/25","396.49","392.59","392.22","396.49"
"2020/5/26","392.8","394.15","391.11","395.9"
"2020/5/27","393.3","390.64","389.96","393.3"
"2020/5/28","388.35","392.91","388.21","395"
"2020/5/29","392.51","392.58","391.11","394.39"
"2020/6/1","393.5","396.21","393.5","396.5"
"2020/6/2","395.18","395.39","394","396.2"
"2020/6/3","395.33","391.85","391.85","395.53"
"2020/6/4","391.65","388.65","387.08","392.75"
"2020/6/5","388.52","388.74","388.5","391.97"
"2020/6/8","387","385.01","382","388.01"
"2020/6/9","386","384.65","383.51","386.8"
"2020/6/10","387.97","389.01","385.1","389.09"
"2020/6/11","389.65","391.5","387","391.58"
"2020/6/12","390.26","391.33","390.26","392.99"
"2020/6/15","392.99","389.3","389.18","392.99"
"2020/6/16","387.81","390.32","387","391.48"
"2020/6/17","390","391.06","388.9","391.47"
"2020/6/18","390","390.63","390","391.39"
"2020/6/19","389.5","391.35","389.5","391.4"
"2020/6/22","391.64","394.37","391.41","396.2"
"2020/6/23","394.2","395.19","392.18","395.98"
"2020/6/24","395.11","396.51","395.11","397.3"
"2020/6/29","397.5","397.41","397.2","398.29"
"2020/6/30","397.05","397.91","395.38","397.97"
"2020/7/1","397","400.36","397","400.5"
"2020/7/2","398.5","396.59","395.6","399.49"
"2020/7/3","397.01","397.16","395","398.45"
"2020/7/6","397.16","396.65","396.04","397.88"
"2020/7/7","397.09","397.84","397.02","398.14"
"2020/7/8","396.64","399.25","396.64","399.58"
"2020/7/9","400.84","401.99","400.2","402.58"
"2020/7/10","401.55","399.94","399","402.3"
"2020/7/13","401.04","400.81","400","401.35"
"2020/7/14","400.8","400.07","399","401.12"
"2020/7/15","400.85","400.78","400.2","401.59"
"2020/7/16","400.59","400.3","399.98","401.33"
"2020/7/17","399.69","397.6","397","400.19"
"2020/7/20","399.5","398.98","398","399.65"
"2020/7/21","400.58","401.7","399","401.76"
"2020/7/22","402.14","410.17","402","412.96"
"2020/7/23","411.44","412.86","407.48","413.16"
"2020/7/24","412.48","416.93","411.89","417.48"
"2020/7/27","417.83","427.29","417.83","431.95"
"2020/7/28","428.01","427.04","425","435.52"
"2020/7/29","423.58","427.73","422.45","428.89"
"2020/7/30","426.9","423.33","423","429.18"
"2020/7/31","423.51","428.16","422.02","428.5"
"2020/8/3","428.64","428.08","426.24","429.88"
"2020/8/4","427.81","428.09","427.2","428.88"
"2020/8/5","427.34","439.05","427.34","439.86"
"2020/8/6","441.21","442.74","438.51","442.9"
"2020/8/7","443.31","445.99","443.31","448.62"
"2020/8/10","443.84","443.03","440","446.62"
"2020/8/11","442.79","433.17","431.61","444.97"
"2020/8/12","428.18","409.01","400","428.18"
"2020/8/13","403.01","418.16","403.01","418.4"
"2020/8/14","417","418.51","416.51","424.5"
"2020/8/17","419.03","420.64","416.02","421.85"
"2020/8/18","421.63","429.96","421.49","431.25"
"2020/8/19","430.58","423.47","421.64","432.99"
"2020/8/20","422.6","416.5","413.02","428.23"
"2020/8/21","416.05","415.61","413","417.4"
"2020/8/24","409.01","415.96","408.08","416.2"
"2020/8/25","418.33","414.8","413","419.26"
"2020/8/26","413.73","413.25","413","414.98"
"2020/8/27","413.29","418","412.02","418.47"
"2020/8/28","418.25","418.26","412.8","423"
"2020/8/31","420.79","419.63","417.85","421.32"
"2020/9/1","419.24","423.56","419","424.05"
"2020/9/2","424.85","419.95","418.13","424.85"
"2020/9/3","419.23","413.63","413","421.78"
"2020/9/4","415","414.89","412.2","416"
"2020/9/7","415.5","413.76","411.8","415.95"
"2020/9/8","414.27","414.2","412.28","414.72"
"2020/9/9","413","414.7","409.75","415.58"
"2020/9/10","413.47","417.14","413.47","417.77"
"2020/9/11","418","416.15","415","419.4"
"2020/9/14","415.6","416.81","415.6","418"
"2020/9/15","417.38","417.8","417.01","418.66"
"2020/9/16","417.96","416.78","414.69","417.97"
"2020/9/17","417.24","413.63","412.86","417.24"
"2020/9/18","413.63","415.9","412","416"
"2020/9/21","415.56","415.39","414.65","416.51"
"2020/9/22","413.27","410.39","401","413.27"
"2020/9/23","408.51","401.24","401.12","411.92"
"2020/9/24","402","396.87","395.51","403"
"2020/9/25","397.51","400.73","397","401"
"2020/9/28","400.73","399.25","398.02","410"
"2020/9/29","399.86","403.95","399.86","404.68"
"2020/9/30","405","404.16","403.24","406.5"
"2020/10/9","405.82","405","403.67","406.33"
"2020/10/12","405.8","409.43","404.9","410"
"2020/10/13","409.84","407.3","407.01","410.05"
"2020/10/14","407.48","403.48","400.7","407.48"
"2020/10/15","403.77","402.97","401.5","404.88"
"2020/10/16","401.7","403.74","401.7","405"
"2020/10/19","404.46","404.34","401.76","404.58"
"2020/10/20","404.5","402.73","401.1","404.5"
"2020/10/21","402.73","404.67","402.08","405.39"
"2020/10/22","404.51","404.63","403.5","405.8"
"2020/10/23","402.64","403.92","401.63","404"
"2020/10/26","403.11","401.36","400.6","404.78"
"2020/10/27","402.88","404.38","400.02","404.66"
"2020/10/28","403.95","405.08","403.66","405.5"
"2020/10/29","402.22","400.98","399","402.49"
"2020/10/30","397.72","397.61","395.7","399.03"
"2020/11/2","397.57","400.52","397.57","400.93"
"2020/11/3","400.8","403.19","400.71","403.5"
"2020/11/4","402.85","403.67","402.01","404.98"
"2020/11/5","403.36","404.29","400.3","404.98"
"2020/11/6","405","407.8","405","409.6"
"2020/11/9","409.32","407.29","407.01","409.86"
"2020/11/10","404","397.88","393","404"
"2020/11/11","395.19","396.48","394.5","397.69"
"2020/11/12","395.11","395.02","393.88","395.5"
"2020/11/13","395.11","396.8","395.02","397.32"
"2020/11/16","396.96","397.83","396.23","399.4"
"2020/11/17","394.19","395.98","394.17","397.53"
"2020/11/18","396.5","394.04","393.6","397.33"
"2020/11/19","392.75","391.75","391.5","395.65"
"2020/11/20","392.25","392.75","390.59","393.79"
"2020/11/23","392.31","392.74","392","394.07"
"2020/11/24","391.6","383.95","382.5","391.9"
"2020/11/25","381.4","379.77","378.12","381.45"
"2020/11/26","380.5","378.37","378.01","381"
"2020/11/27","379.98","379.43","378","379.98"
"2020/11/30","378.5","369.91","366.1","378.5"
"2020/12/1","368.55","372.97","367.1","373.49"
"2020/12/2","377.51","377.75","376","378"
"2020/12/3","380.44","382.31","377.74","383"
"2020/12/4","383.99","382.55","377.35","384"
"2020/12/7","382.81","382","380.81","383.43"
"2020/12/8","381.4","387.04","380.7","388"
"2020/12/9","385.75","385.22","384.3","389.78"
"2020/12/10","385","382.03","381.77","386.1"
"2020/12/11","382.45","382.18","380.05","384"
"2020/12/14","382.99","381.69","380","384.19"
"2020/12/15","380","384.74","380","384.87"
"2020/12/16","385","386.85","384.27","387.57"
"2020/12/17","398","389.5","383.26","398"
"2020/12/18","392.7","391.49","388","392.7"
"2020/12/21","391.1","397.24","390.01","398.2"
"2020/12/22","395","392.03","391","395"
"2020/12/23","391.34","390.25","389.89","393"
"2020/12/24","390.87","390.3","390","393.8"
"2020/12/25","390.44","392.79","389.51","393"
"2020/12/28","392.59","393.61","392","396.47"
"2020/12/29","392.63","391.55","391.24","395.06"
"2020/12/30","391.27","391.73","391","393"
"2020/12/31","391.09","394.46","390.5","394.79"
"2021/1/4","398","398.88","397.01","399.59"
"2021/1/5","399.88","401.46","399.55","401.9"
"2021/1/6","403.99","401.53","401.11","403.99"
"2021/1/7","401.78","398.89","395","401.78"
"2021/1/8","397.54","396.05","395.8","398.79"
"2021/1/11","393.48","387.01","380.2","393.48"
"2021/1/12","386.05","389.67","384","389.9"
"2021/1/13","390","392.05","385.77","392.98"
"2021/1/14","390","386.12","386","391"
"2021/1/15","386","386.65","385.68","389.19"
"2021/1/18","386","386.25","382","386.97"
"2021/1/19","386.78","385.62","385.5","387.5"
"2021/1/20","386","387.3","385","387.5"
"2021/1/21","385.55","390.7","385","390.97"
"2021/1/22","391.44","388.43","388","391.44"
"2021/1/25","388.43","387.63","385.1","389.48"
"2021/1/26","309.01","388.14","309.01","389.89"
"2021/1/27","387.01","386.8","384.7","390"
"2021/1/28","385","384.68","384","386.65"
"2021/1/29","384.91","385.15","383.5","387.24"
"2021/2/1","387.29","389.46","382.98","389.68"
"2021/2/2","389.99","386.5","386.01","390.49"
"2021/2/3","386.5","383.42","382.51","386.5"
"2021/2/4","382.63","380.96","379","385.99"
"2021/2/5","379.18","378.63","374.71","380"
"2021/2/8","377.11","380.28","377","382"
"2021/2/9","379.6","384.75","379.6","384.75"
"2021/2/10","383.91","384.08","382.5","384.7"
"2021/2/18","373.94","373.09","372","378"
"2021/2/19","374.35","370.8","370.2","374.77"
"2021/2/22","371.8","374.39","371.33","375.9"
"2021/2/23","374.39","378.2","374.39","379.76"
"2021/2/24","377.3","377.38","376.31","378.63"
"2021/2/25","377.99","374.3","373","377.99"
"2021/2/26","373.5","368.81","368","373.5"
"2021/3/1","369","368.9","360.8","369.36"
"2021/3/2","365.85","361.5","359","365.85"
"2021/3/3","362.51","361.93","361.02","364.8"
"2021/3/4","360.98","359.57","357.62","362"
"2021/3/5","359.49","356.95","354","360.21"
"2021/3/8","356.31","358.4","356","361.04"
"2021/3/9","356.95","357.78","353.01","358.02"
"2021/3/10","360","361.6","359.19","362.6"
"2021/3/11","362","365.4","360.01","365.95"
"2021/3/12","363","360.36","360","363.35"
"2021/3/15","359.62","363.49","359.34","365.17"
"2021/3/16","364","363.91","362.06","364.99"
"2021/3/18","364.86","368.19","363.5","368.87"
"2021/3/19","365.71","366.6","362.62","368"
"2021/3/22","366.05","365.38","364.67","366.94"
"2021/3/23","364.58","366.6","364.58","367.2"
"2021/3/24","364.94","365.82","364.1","366.39"
"2021/3/25","366.3","366.5","365.03","367.88"
"2021/3/26","367.99","365.35","365","368.83"
"2021/3/29","365.41","365.8","365.01","366.74"
"2021/3/30","365.42","361.79","361.09","365.42"
"2021/3/31","358.5","358.41","356","359.06"
"2021/4/1","358.36","364.65","356","364.85"
"2021/4/2","364.6","368.55","364.6","368.74"
"2021/4/6","367.35","366.91","366.5","368.32"
"2021/4/7","368.09","368.44","366.14","368.95"
"2021/4/8","367.01","369.58","367","369.87"
"2021/4/9","370.28","370.98","369.8","372"
"2021/4/12","368.46","369.29","368","370"
"2021/4/13","368.22","365.98","365.72","368.22"
"2021/4/14","367.99","369.46","367.99","370"
"2021/4/15","369.9","369.24","366.51","370.99"
"2021/4/16","369.85","372.35","369.85","375"
"2021/4/19","375.23","375.67","374.36","376.47"
"2021/4/20","374.45","372.25","371.88","374.99"
"2021/4/21","371.68","375.1","371.66","375.58"
"2021/4/22","375.39","376.47","374.71","378.95"
"2021/4/23","374.88","375.06","374.61","376.2"
"2021/4/26","376.5","373.4","373","376.5"
"2021/4/27","372.78","373.42","371.61","374"
"2021/4/28","374.54","371.33","371.3","374.89"
"2021/4/29","370.57","373.21","370.57","375"
"2021/4/30","371.5","371.59","369","371.89"
"2021/5/6","373.85","376.68","373.85","376.96"
"2021/5/7","376.93","380.51","375.53","381"
"2021/5/10","382.98","381.54","380.2","383"
"2021/5/11","382","381.55","381","383"
"2021/5/12","381.79","381.06","379","381.82"
"2021/5/13","381.73","380.02","379.8","382.49"
"2021/5/14","380.45","382.28","379.87","383"
"2021/5/17","381.96","386.18","381.96","386.43"
"2021/5/18","386.05","389.43","383.12","389.99"
"2021/5/19","389","389.19","387.5","389.58"
"2021/5/20","387.58","390.36","387.58","392"
"2021/5/21","389.05","389.76","386","390.9"
"2021/5/24","391","390.83","389.14","392.5"
"2021/5/25","390","390","388","390.29"
"2021/5/26","388.52","393.49","388.52","394.5"
"2021/5/27","394.1","391.36","390.17","394.12"
"2021/5/28","390.19","388.66","387.8","390.88"
"2021/5/31","387.76","392.17","387.76","392.48"
"2021/6/1","391.05","394","391.05","394"
"2021/6/2","392.01","387.84","387.36","392.01"
"2021/6/3","387.61","385.48","385.2","389.97"
"2021/6/4","385","383.05","375.15","385"
"2021/6/7","383.95","383.94","383.25","385.46"
"2021/6/8","385.85","385.93","385.31","388"
"2021/6/9","387.99","386.41","386","388"
"2021/6/10","386.1","386.56","383.67","387.8"
"2021/6/11","383.78","389","383.76","389"
"2021/6/15","382.1","382.54","379.79","382.98"
"2021/6/16","381.51","382.36","378.8","383"
"2021/6/17","383.99","375","375","383.99"
"2021/6/18","372.37","371.79","370","373.75"
"2021/6/21","370.5","371.74","369.35","373.25"
"2021/6/22","371.5","372.95","370.55","374.03"
"2021/6/23","372","372.95","371.09","373.63"
"2021/6/24","373","371","371","374.71"
"2021/6/25","372.95","370.96","370.21","372.95"
"2021/6/28","372","372.01","369.21","372.3"
"2021/6/29","369.8","370.31","369.8","370.88"
"2021/6/30","370","366","365.89","370"
"2021/7/1","366","370.68","366","370.97"
"2021/7/2","371.45","370.81","370","372"
"2021/7/5","370.52","372.81","370.52","373.6"
"2021/7/6","372.5","375.13","372.5","375.99"
"2021/7/7","376","375.3","374.27","376.6"
"2021/7/8","376","375.79","374.03","376.77"
"2021/7/9","377.57","376.84","376","378"
"2021/7/12","376.77","375.66","374.11","377.22"
"2021/7/13","375.21","377.55","374.67","377.65"
"2021/7/14","377.49","378.12","376.01","378.3"
"2021/7/15","379","380.51","378.83","380.9"
"2021/7/16","379.19","380.39","379.11","380.9"
"2021/7/19","378.7","377","376.98","379.19"
"2021/7/20","375.58","379.65","375.58","380"
"2021/7/21","379.66","378.47","376","379.8"
"2021/7/22","375.58","375.94","374.8","377.79"
"2021/7/23","376.89","376.11","375.56","376.89"
"2021/7/26","375.45","377.84","375.45","378"
"2021/7/27","377.09","375.65","374.25","377.09"
"2021/7/28","376.99","378.2","376.05","379.28"
"2021/7/29","377.79","379.7","377.55","380.37"
"2021/7/30","380.5","379.71","378.01","381"
"2021/8/2","380.08","377.05","376.51","380.8"
"2021/8/3","376.87","376.95","376.38","378"
"2021/8/4","377.5","377.53","376.5","377.94"
"2021/8/5","377.66","377.21","376.5","382.5"
"2021/8/6","377.19","375.35","375","377.19"
"2021/8/9","374.76","369.17","363.04","374.76"
"2021/8/10","365.1","365.1","362.5","369"
"2021/8/11","365.8","363.4","361.5","365.8"
"2021/8/12","363.97","366.7","363","367.8"
"2021/8/13","366.3","367.5","365.5","367.82"
"2021/8/16","368.26","370.54","366.71","371.7"
"2021/8/17","367.21","374.83","367.21","375"
"2021/8/18","374.99","374.78","373","374.99"
"2021/8/19","372.23","373.27","370.37","373.7"
"2021/8/20","374","374","372.08","375"
"2021/8/23","374.2","373.67","370.19","374.65"
"2021/8/24","373.67","376.85","373.67","377.44"
"2021/8/25","377.63","374.7","272.27","377.63"
"2021/8/26","372.31","372.75","372.31","374.15"
"2021/8/27","372.7","376.32","368.01","377"
"2021/8/30","375.5","377.6","373.37","379.5"
"2021/8/31","377","376.87","376","378"
"2021/9/1","375.38","377.98","375.38","378.2"
"2021/9/2","377.31","377.61","373.59","377.84"
"2021/9/3","377","377.36","376.7","377.7"
"2021/9/6","379.55","379.91","379.2","380.19"
"2021/9/7","379.98","378.7","378.47","380.02"
"2021/9/8","377.1","374.53","374.2","377.89"
"2021/9/9","373.58","373.29","371.82","375.8"
"2021/9/10","373.29","375.46","373","375.5"
"2021/9/13","372.51","373.2","372","373.54"
"2021/9/14","373","373.72","372.63","373.8"
"2021/9/15","376","375.94","374.76","376"
"2021/9/16","375.2","372.17","371.9","375.2"
"2021/9/17","372.69","369.59","365.67","372.69"
"2021/9/22","372","372.43","372","375.2"
"2021/9/23","372.36","371.32","369.21","374.29"
"2021/9/24","369","369.11","366.34","369.97"
"2021/9/27","366","369.53","366","369.69"
"2021/9/28","367.5","366","366","369.99"
"2021/9/29","364.5","364.77","364.33","368.99"
"2021/9/30","364.8","364.24","362.8","365.09"
"2021/10/8","368","367.15","367","369.16"
"2021/10/11","368.83","366","366","369.5"
"2021/10/12","366.5","367.48","366.5","368.2"
"2021/10/13","367","368.2","367","368.75"
"2021/10/14","369","373.09","367","373.95"
"2021/10/15","373.3","372.38","368.01","373.69"
"2021/10/18","367.51","366.97","366.8","376"
"2021/10/19","367.45","368.29","366.82","368.67"
"2021/10/20","367.8","367.25","365.5","368.95"
"2021/10/21","368.88","369.39","365.02","369.63"
"2021/10/22","369.9","369.8","369","370"
"2021/10/25","371.72","369.77","367.1","372.7"
"2021/10/26","370","371.3","370","371.65"
"2021/10/27","368","368.23","367.6","368.63"
"2021/10/28","368.5","371.84","368.12","372"
"2021/10/29","372.48","370.92","370","372.48"
"2021/11/1","368.82","369.36","367","370.6"
"2021/11/2","370","371.31","370","371.48"
"2021/11/3","370.1","368.91","368.05","370.9"
"2021/11/4","367","366.93","365","368"
"2021/11/5","368.2","371.04","368.2","371.59"
"2021/11/8","371.5","375.05","369.01","376"
"2021/11/9","375","376.85","375","377"
"2021/11/10","376.98","376.61","376.04","377.95"
"2021/11/11","376.75","382.31","376.5","382.7"
"2021/11/12","382.82","381.87","381.01","382.82"
"2021/11/15","380.66","380.31","379.55","382.8"
"2021/11/16","382.49","383.1","381.51","383.22"
"2021/11/17","383.7","381.49","380.3","385.5"
"2021/11/18","382","382.51","381.88","383.99"
"2021/11/19","382.5","382.91","381.94","384"
"2021/11/22","380.82","380.03","379.7","383.28"
"2021/11/23","378.2","374.28","373.5","378.2"
"2021/11/24","372.58","371.76","368.8","372.58"
"2021/11/25","368.99","371.31","368.99","372"
"2021/11/26","372.8","372.68","370","372.8"
"2021/11/29","374.1","370.77","370","374.75"
"2021/11/30","371","370.54","368.7","371"
"2021/12/1","369.61","369.85","366.47","373"
"2021/12/2","369","368.36","367.17","373.66"
"2021/12/3","366.9","366.4","365.3","367.65"
"2021/12/6","367.33","368.06","365.11","368.89"
"2021/12/7","366.07","367.54","366.07","368.1"
"2021/12/8","366.01","367.96","366.01","368.4"
"2021/12/9","367","367.29","366.1","368.05"
"2021/12/10","366.5","367.49","366.1","368.29"
"2021/12/13","366.43","369","366.08","370.79"
"2021/12/14","368.25","368.66","368.25","369.97"
"2021/12/15","367.5","365.41","364.66","368.67"
"2021/12/16","365.55","368.55","365.55","369.4"
"2021/12/17","368.65","373.28","368.65","373.8"
"2021/12/20","373.75","372.9","372.1","374.35"
"2021/12/21","371.15","369.78","369.4","372"
"2021/12/22","367","369","367","369.99"
"2021/12/23","368.66","372.6","368.66","372.72"
"2021/12/24","370.34","373.52","367.05","373.58"
"2021/12/27","371.05","373.24","371.05","374.8"
"2021/12/28","373.25","374.22","372.8","374.33"
"2021/12/29","373","372.38","372","373"
"2021/12/30","370.8","372.31","370.8","373.59"
"2021/12/31","370.68","374.82","370.68","374.86"
"2022/1/4","372","373.32","371.05","373.49"
"2022/1/5","373.5","373.8","373.5","375"
"2022/1/6","376.36","372.43","315","376.36"
"2022/1/7","369.05","371.86","369.05","373"
"2022/1/10","371","372.47","369.7","373.94"
"2022/1/11","371.78","372.97","371.78","373.85"
"2022/1/12","372.23","374.36","372.23","375.17"
"2022/1/13","374.5","375.92","374.5","376.6"
"2022/1/14","374.67","373.09","372.16","376.15"
"2022/1/17","374.77","373.73","372.3","374.77"
"2022/1/18","372.33","373.51","372.33","375.25"
"2022/1/19","373.27","371.58","371.18","373.63"
"2022/1/21","377.87","377.29","373.6","378.19"
"2022/1/24","376.65","377.01","375","377.39"
"2022/1/25","376.02","377.86","375.65","378"
"2022/1/26","378.03","377.48","377.24","378.25"
"2022/1/27","376.4","371.2","370.46","376.4"
"2022/1/28","370.85","369.13","368.89","371"
"2022/2/7","371.77","371.34","370.82","372.05"
"2022/2/8","372.17","374.37","369.06","374.57"
"2022/2/9","372.12","375.03","372.12","376"
"2022/2/10","375","376","375","376.76"
"2022/2/11","375.2","374.51","374.5","376.5"
"2022/2/14","375.75","380.5","375","381.7"
"2022/2/15","379.98","384.3","379.98","384.6"
"2022/2/16","378.45","380.06","377.5","380.5"
"2022/2/17","381.5","383.94","379.51","384"
"2022/2/18","385","385.64","380.56","386.5"
"2022/2/21","386.1","385.96","384.86","387.29"
"2022/2/22","385.9","390.41","385.74","391"
"2022/2/23","390","388.43","386.26","390"
"2022/2/24","387.23","394.96","385.17","395"
"2022/2/25","399.44","390.91","386","399.88"
"2022/2/28","387.11","387.67","384","389.8"
"2022/3/1","388","388.36","385.58","390.26"
"2022/3/2","391.05","394","389.05","394.05"
"2022/3/3","390.02","392.55","390.02","393.79"
"2022/3/4","398.9","394.06","392.59","398.9"
"2022/3/7","394.06","401.65","390.21","404.5"
"2022/3/8","403","409.08","395.5","410"
"2022/3/9","408.5","416.02","407.03","417.58"
"2022/3/10","409.97","403.38","399.17","409.97"
"2022/3/11","405.45","403.03","402.36","406"
"2022/3/14","401.3","402.94","400","404.8"
"2022/3/15","400","394.36","393.16","400"
"2022/3/16","392.64","390.97","390.12","393.5"
"2022/3/17","393.55","394.01","390.51","396.7"
"2022/3/18","397.44","395.19","390","398.11"
"2022/3/21","395.95","395.12","394.39","396.5"
"2022/3/22","394","397.48","394","397.97"
"2022/3/23","394.48","394.86","393.85","396"
"2022/3/24","395.62","399.18","395.62","400.16"
"2022/3/25","401.85","401.45","400.77","402.8"
"2022/3/28","400","396.6","396.5","401.5"
"2022/3/29","395.86","395.1","394.52","398.29"
"2022/3/30","391.51","394.65","388.8","395"
"2022/3/31","394.05","394.14","392.09","395"
"2022/4/1","395","395.69","395","396.4"
"2022/4/6","394.48","394.99","394.2","395.8"
"2022/4/7","394.99","394.91","393","395"
"2022/4/8","395.95","397.14","395","398"
"2022/4/11","399","398.79","398.35","399.49"
"2022/4/12","400.7","400.33","399","403.25"
"2022/4/13","400.26","402.89","399.9","403"
"2022/4/14","404.2","403.09","396.51","404.3"
"2022/4/15","403.8","404","401.96","405"
"2022/4/18","405","406.82","402.5","407"
"2022/4/19","407.6","404.2","403.63","407.69"
"2022/4/20","404.2","399.49","399.06","404.2"
"2022/4/21","401.3","404.48","401.3","404.96"
"2022/4/22","404.05","406.03","404","407.99"
"2022/4/25","403.6","403.37","402.56","406"
"2022/4/26","400.62","401.16","399.81","402"
"2022/4/27","401.5","400.9","400.85","403"
"2022/4/28","401","400.86","398.2","402.39"
"2022/4/29","401","405.43","401","407"
"2022/5/5","404.96","404.09","375.89","404.96"
"2022/5/6","405.85","396.96","396.8","405.85"
"2022/5/9","404.7","405","402.1","405.17"
"2022/5/10","402","402.17","402","403.16"
"2022/5/11","401.5","400.35","398","401.5"
"2022/5/12","400.4","403.68","400.4","403.79"
"2022/5/13","402.42","399.96","399.5","403"
"2022/5/16","396.7","396.13","395.8","397.39"
"2022/5/17","396","397.77","396","399"
"2022/5/18","396","394.48","394.4","396"
"2022/5/19","397.69","395.79","395.15","397.69"
"2022/5/20","398.25","398.37","396","399.02"
"2022/5/23","396.52","399.38","396.5","400"
"2022/5/24","398.6","398.82","397.5","399.3"
"2022/5/25","399.5","399.98","399.5","400.5"
"2022/5/26","396","400.88","396","401"
"2022/5/27","401.6","402.79","400.51","402.8"
"2022/5/30","400.2","399.31","398.56","400.5"
"2022/5/31","398.6","398.81","397.8","398.9"
"2022/6/1","398.78","396.75","395.6","398.78"
"2022/6/2","395.29","397.62","395.29","399.3"
"2022/6/6","397","398","396.38","398.5"
"2022/6/7","396","396.83","395.01","397"
"2022/6/8","395.07","397.88","395.01","398"
"2022/6/9","396.01","397.23","396.01","399.35"
"2022/6/10","397","397.24","396.7","398.99"
"2022/6/13","398","402.21","396.29","404"
"2022/6/14","397.6","396.25","396.14","400.99"
"2022/6/15","395.2","395.29","393.8","395.89"
"2022/6/16","396","395.43","395","398.43"
