date,open,close,high,low
2016/12/19,262.45,262.76,262.02,263.5
2016/12/20,262.88,262.06,261.42,263.7
2016/12/21,262.4,260.97,258.6,262.65
2016/12/22,261.18,260,259.05,261.18
2016/12/23,258.95,260.07,258.7,260.37
2016/12/26,260,261.4,259.8,261.45
2016/12/27,261.4,261.67,260.6,261.79
2016/12/28,262.5,261.91,260.11,262.9
2016/12/29,261.6,262.99,260.8,263.2
2016/12/30,262.84,263.9,261,265.8
2017/1/3,264.04,263.65,258,265.2
2017/1/4,263.99,264.87,263.2,265
2017/1/5,265.98,264.73,264,265.98
2017/1/6,264.9,265.29,263.5,265.65
2017/1/9,265.06,265.89,264.66,266
2017/1/10,265.89,268.11,265.89,268.6
2017/1/11,268.88,269.09,268,269.88
2017/1/12,269,269.33,266.75,269.77
2017/1/13,270.6,268.79,268.42,270.6
2017/1/16,269,270.5,268.15,270.99
2017/1/17,270.98,272.18,270,272.51
2017/1/18,273,271.03,270.95,273
2017/1/19,273,268.03,268,273
2017/1/20,268.99,269.05,268,269.36
2017/1/23,269.33,270.28,268.15,271
2017/1/24,270.48,269.85,269.7,270.66
2017/1/25,270.49,268.07,267.7,271.15
2017/1/26,268.99,266.25,265.8,268.99
2017/2/3,266.25,269.3,266.25,270.1
2017/2/6,268.01,271.79,267.3,272.4
2017/2/7,272.2,274.16,272.2,274.7
2017/2/8,274.2,274.35,273.85,275.39
2017/2/9,275.97,276.31,275.51,277.65
2017/2/10,276.2,272.83,272.95,276.69
2017/2/13,273.97,274.64,273.1,275.01
2017/2/14,274.98,274.06,272.7,274.98
2017/2/15,274.49,273.4,273,274.59
2017/2/16,273.99,274.93,272.1,275.45
2017/2/17,275.5,275.75,275.11,276.1
2017/2/20,275.75,275.5,274.9,276.66
2017/2/21,276.49,275.55,275.01,276.49
2017/2/22,274.86,275.6,274.5,276.45
2017/2/23,276.48,276.2,275.3,276.48
2017/2/24,276.59,279.63,276.01,279.84
2017/2/27,281.2,280.6,278.81,281.2
2017/2/28,280.4,281.83,279.5,281.25
2017/3/1,280,278,277.4,280.35
2017/3/2,278,278.35,277,279.43
2017/3/3,278.49,276.23,275.7,278.5
2017/3/6,275.5,276.54,275.39,277
2017/3/7,276.5,275.37,275.38,276.9
2017/3/8,275.9,273.79,273.71,275.9
2017/3/9,274.6,272.22,271.8,274.6
2017/3/10,272.69,270.41,270.2,273.49
2017/3/13,271.78,272.9,270.12,274.15
2017/3/14,271,271.3,270.15,273.88
2017/3/15,272,271.51,271,272.1
2017/3/16,271.4,275.89,271,276.2
2017/3/17,275.02,275.62,275.01,276.48
2017/3/20,275.62,277.07,275.62,277.2
2017/3/21,276.7,275.75,275.7,277.25
2017/3/22,276.2,278.2,276.2,278.95
2017/3/23,278.2,278.21,277.81,278.6
2017/3/24,278.4,277.88,277.6,279.28
2017/3/27,278.35,280.53,277.88,281
2017/3/28,280.5,280.23,280,281.19
2017/3/29,280.5,279.74,279.35,281.17
2017/3/30,279.52,279.6,279.3,279.99
2017/3/31,278.48,277.81,277.6,279.93
2017/4/5,277.81,280.63,277.81,280.64
2017/4/6,280.49,280.21,278.8,280.55
2017/4/7,280.35,282.93,279.7,284.43
2017/4/10,282.9,281.39,280.51,284.48
2017/4/11,281.39,281.84,280,281.9
2017/4/12,282.49,284.41,281.5,285.6
2017/4/13,285.58,286.69,284,300
2017/4/14,286.99,286.6,285.8,287
2017/4/17,287.45,286.9,286.41,288.5
2017/4/18,289.99,286.13,285.75,289.99
2017/4/19,285.8,285.75,284.9,286.69
2017/4/20,285.99,285.49,284.9,285.99
2017/4/21,285,285.36,284.9,285.7
2017/4/24,286,283.57,283.45,286.82
2017/4/25,283.6,283.3,282.5,284.2
2017/4/26,289,282.05,281.09,289
2017/4/27,282,282.59,282,283.2
2017/4/28,283.8,283.45,281.51,283.8
2017/5/2,281.99,280.94,280.8,281.99
2017/5/3,281.6,280.37,280.03,281.6
2017/5/4,289.99,276.19,275.6,289.99
2017/5/5,278,275.87,274.03,278
2017/5/8,280.5,275.5,275,280.5
2017/5/9,276.88,275.2,274.55,276.88
2017/5/10,275.24,273.89,273,275.24
2017/5/11,274.88,274.26,273.6,274.88
2017/5/12,274.68,275.51,273.9,275.28
2017/5/15,275.39,276.29,274.65,276.09
2017/5/16,276.99,276.7,276.11,278
2017/5/17,277.49,277.61,276.31,277.88
2017/5/18,280,279.82,278,281.25
2017/5/19,298,279.26,278.21,298
2017/5/22,280.68,280,279.03,280.68
2017/5/23,280,281.4,280,281.6
2017/5/24,281.4,278.5,278.5,281.69
2017/5/25,279.75,279.75,278.7,280.5
2017/5/26,280.99,280.35,279,280.99
2017/5/31,280.35,279,278.81,280.35
2017/6/1,279.7,278.99,278.58,280
2017/6/2,279.59,278.16,277.82,279.59
2017/6/5,276.8,281.87,273,282
2017/6/6,278,283.2,278,283.48
2017/6/7,285,283.75,283.2,285
2017/6/8,283.75,282.7,282.51,283.83
2017/6/9,283.19,279.72,279.5,283.19
2017/6/12,280.74,278.85,278.48,280.74
2017/6/13,279.75,278.35,278,279.75
2017/6/14,279.6,279.3,277.8,279.72
2017/6/15,279.35,277.47,277.3,281.33
2017/6/16,277.47,276.9,276.11,277.47
2017/6/19,278,276.25,276.01,278
2017/6/20,277.5,276.01,275.49,277.5
2017/6/21,276.5,275.79,275,276.5
2017/6/22,276.22,277.47,275.2,277.55
2017/6/23,277.47,277.78,277.05,277.88
2017/6/26,278.29,277.9,277.96,278.8
2017/6/27,277,276.56,274.8,277
2017/6/28,275.55,275.94,275.55,276.99
2017/6/29,277.08,275.03,274.9,277.08
2017/6/30,275,273.1,272.85,275
2017/7/3,270,271.84,270,273.65
2017/7/4,272.15,270.38,269.1,272.15
2017/7/5,271.5,270.02,269.5,271.5
2017/7/6,270.2,270.12,269,271.1
2017/7/7,270.49,269.8,269.3,270.79
2017/7/10,271,265.77,266,271
2017/7/11,267.5,267.55,266.1,268
2017/7/12,267.99,268.9,266.95,269.39
2017/7/13,268.91,269.1,268.19,269.8
2017/7/14,269.8,267.79,267.55,269.8
2017/7/17,268.98,270.3,268.7,270.79
2017/7/18,271.48,270.85,270.6,271.65
2017/7/19,271.49,271.35,270.75,271.9
2017/7/20,272,271.29,271.25,272
2017/7/21,272.8,273.19,271.2,273.2
2017/7/24,273.5,273.8,273.38,274.46
2017/7/25,274.01,273.84,273.58,274.47
2017/7/26,273.5,272.3,271.7,273.82
2017/7/27,273,274.6,271.56,275.3
2017/7/28,274.51,274.29,274.01,275.45
2017/7/31,275.35,275.1,273.93,276.1
2017/8/1,276.48,275.3,273,276.48
2017/8/2,275.3,274.8,274.86,276
2017/8/3,275.5,273.4,273.6,275.64
2017/8/4,276,275.26,274.08,276
2017/8/7,275.5,273.37,272.9,275.6
2017/8/8,273.49,273.02,272.45,273.54
2017/8/9,274.49,274.14,271.8,276.69
2017/8/10,274.99,275.29,274.36,275.98
2017/8/11,276,276.72,275.99,277.28
2017/8/14,277.48,276.6,276.06,277.99
2017/8/15,277,274.7,274.58,277
2017/8/16,275.22,274.5,273.71,275.22
2017/8/17,275.16,277,274.26,277.5
2017/8/18,277.81,278.5,276.5,278.7
2017/8/21,278.5,277.51,276.5,279.6
2017/8/22,277.51,276.67,276.27,278.3
2017/8/23,277.52,277,276.3,277.68
2017/8/24,278.22,277.08,276.91,278.22
2017/8/25,277.99,276.8,276.73,277.99
2017/8/28,277.59,278.21,275.46,278.42
2017/8/29,278.88,281.17,277.5,281.5
2017/8/30,281.5,278,277.98,281.85
2017/8/31,279.5,277.91,277.4,279.5
2017/9/1,278.65,279.54,278.1,280.48
2017/9/4,280.48,282.04,279.26,282.67
2017/9/5,282.04,281.2,280.7,282.04
2017/9/6,281.2,282.44,280.61,282.46
2017/9/7,282.98,281.39,280.98,282.98
2017/9/8,281.99,281.75,281.1,282.35
2017/9/11,282.6,281.49,280.8,282.6
2017/9/12,282,279.85,279.38,282
2017/9/13,279.4,280.67,279.4,280.72
2017/9/14,281.98,279.8,279.37,281.98
2017/9/15,280.2,280.2,279.28,281.49
2017/9/18,280.2,278.93,278.65,280.7
2017/9/19,278.93,278.65,278,279.6
2017/9/20,280,278.89,278.5,280
2017/9/21,279.39,276.45,276.1,279.96
2017/9/22,277,277.3,275.5,277.3
2017/9/25,276.4,276.55,275.71,277.98
2017/9/26,276.5,280.1,276.3,280.86
2017/9/27,280.1,277.65,277.7,280.2
2017/9/28,278.29,276.67,276.2,278.29
2017/9/29,277.49,277.45,275.5,277.85
2017/10/9,274.76,276.3,274.76,276.94
2017/10/10,277.32,276.21,275.65,277.32
2017/10/11,277.8,275.1,275.1,277.8
2017/10/12,276.35,276.25,274.9,276.68
2017/10/13,276.75,276.5,275.49,276.75
2017/10/16,276.51,278.05,276.1,277.8
2017/10/17,278.5,276.62,276.2,278.5
2017/10/18,277.5,275.7,275.16,277.5
2017/10/19,276.8,274.9,275.3,276.8
2017/10/20,276.8,274.82,274.81,276.8
2017/10/23,275.85,274.08,273.95,275.85
2017/10/24,273.81,275.01,273.3,275.7
2017/10/25,275,273.89,273.72,275
2017/10/26,273.51,274.5,273.51,274.88
2017/10/27,274.99,272.93,272.6,274.99
2017/10/30,273.5,272.92,272.4,273.76
2017/10/31,273.75,273.94,273.01,274.1
2017/11/1,274.3,273.45,272.61,274.3
2017/11/2,273.99,273.34,272.7,273.99
2017/11/3,273.5,273.6,272.81,273.98
2017/11/6,274.02,273,272.78,274.12
2017/11/7,273.65,274.34,273.1,274.77
2017/11/8,274.98,274.57,273.22,274.98
2017/11/9,274.85,275.37,274.5,275.43
2017/11/10,276.52,275.94,275.04,276.52
2017/11/13,276.9,274.99,274.7,277.21
2017/11/14,276,274.49,274.44,276
2017/11/15,274.49,275.05,273.75,275.3
2017/11/16,275.99,274,274.11,275.99
2017/11/17,275.18,274.85,274.25,275.18
2017/11/20,275.5,276.3,274.5,276.51
2017/11/21,276.79,274.89,274.66,276.79
2017/11/22,275.42,274.74,274,275.82
2017/11/23,275.68,275.2,274.1,275.68
2017/11/24,275.9,275.25,274.8,275.9
2017/11/27,274.55,275.34,274.49,275.34
2017/11/28,275.95,275.7,274.11,276.3
2017/11/29,276,276.2,275.51,276.14
2017/11/30,276.49,274.39,274.05,276.49
2017/12/1,274.9,272.83,272.7,274.9
2017/12/4,273.49,272.65,271.8,274.29
2017/12/5,273.48,272.87,272,273.48
2017/12/6,272.99,271.43,270.77,272.99
2017/12/7,271.91,269.28,268.95,271.91
2017/12/8,269.8,267.79,267.49,269.8
2017/12/11,269,268.28,266.92,269
2017/12/12,268.67,267.5,266.9,268.67
2017/12/13,267.9,267.79,266.48,267.9
2017/12/14,267.79,270,267,270.1
2017/12/15,270.88,269.57,268.8,270.88
2017/12/18,270.3,269.9,269.16,270.3
2017/12/19,270.88,271.31,269.69,271.45
2017/12/20,271.49,270.68,270,271.5
2017/12/21,271.5,270.15,269.7,271.5
2017/12/22,270.49,270.54,269.7,270.6
2017/12/25,270.85,271.55,270.31,272.18
2017/12/26,272.49,271.92,271.49,272.49
2017/12/27,273.5,272.75,271.4,273.5
2017/12/28,272.99,273.5,272.3,274.3
2017/12/29,273.39,273,273.05,274.34
2018/1/2,274,275.3,274,275.6
2018/1/3,274.7,276,274.7,277.09
2018/1/4,277.16,275.19,274.85,277.16
2018/1/5,275.99,276.26,274.82,277.1
2018/1/8,277.5,276.6,275.5,277.5
2018/1/9,277.66,277.19,275.85,277.66
2018/1/10,277.1,276.65,276.5,277.59
2018/1/11,277.45,277.8,277.45,278.9
2018/1/12,278.2,278.38,277.9,278.65
2018/1/15,279.21,279.54,278,279.54
2018/1/16,280,278.8,278.39,280
2018/1/17,278.18,277.65,277.5,279.2
2018/1/18,278.92,276.15,276.05,278.92
2018/1/19,276.99,275.6,275.5,276.99
2018/1/22,276.8,275.95,275.9,276.8
2018/1/23,276.78,277.14,276,277.28
2018/1/24,277.1,277.84,276.65,277.98
2018/1/25,278.5,278.87,278,279.35
2018/1/26,279.17,277.5,276.71,279.17
2018/1/29,276,275.98,275.5,276.2
2018/1/30,276,274,273.66,276.2
2018/1/31,275.35,274.05,273.8,275.35
2018/2/1,273.55,273.4,273.4,274
2018/2/2,273,273.75,272.8,274.19
2018/2/5,273.5,271.49,271.2,273.98
2018/2/6,272.62,273.24,271.2,274.49
2018/2/7,273.67,269.79,269.1,273.67
2018/2/8,270.32,269.3,267.55,270.32
2018/2/9,270,269.55,268.3,270.99
2018/2/12,269.55,270.1,268.41,270.15
2018/2/13,270.29,271.14,269.35,271.39
2018/2/14,272.44,273.21,270.85,273.35
2018/2/22,272,271.36,271,272
2018/2/23,272.45,271.96,271.2,272.45
2018/2/26,273.35,273.6,271.51,273.7
2018/2/27,274.4,272.36,271.9,274.4
2018/2/28,272.3,270.3,269.24,272.3
2018/3/1,271.49,269.78,269.58,271.49
2018/3/2,270.49,270.9,269,271.07
2018/3/5,271.98,272.09,270.5,272.1
2018/3/6,272.5,271.15,270.71,272.5
2018/3/7,272.7,272.3,271.8,273.27
2018/3/8,273.7,272.21,271.6,273.7
2018/3/9,272.8,270.6,270.3,272.8
2018/3/12,272.2,270.8,269.8,272.2
2018/3/13,270.8,270.7,269.96,271
2018/3/14,271.1,271.12,270.27,271.65
2018/3/15,271.12,270.97,270.66,271.4
2018/3/16,271.04,270.21,269.5,271.04
2018/3/19,270.81,268.6,268.28,270.81
2018/3/20,269.16,269.51,268.51,269.6
2018/3/21,270.12,269.74,270.12,270.12
2018/3/22,270.12,272.1,269.52,272.4
2018/3/23,272.62,274.97,271.62,274.98
2018/3/26,275.12,274.18,274.16,275.4
2018/3/27,275.8,274.1,273.8,275.8
2018/3/28,274.26,272.52,272.45,274.26
2018/3/30,269.04,270.56,269.04,270.6
2018/4/2,271.85,270.84,271,271.85
2018/4/3,271.85,272.44,271,272.68
2018/4/4,272.47,272.16,270.77,272.48
2018/4/9,272.2,271.5,271.35,272.2
2018/4/10,272.35,271.97,271.42,272.79
2018/4/11,272.76,272.9,271.69,273.24
2018/4/12,274.18,274.08,273.14,275
2018/4/13,274.08,272.1,271.95,274.08
2018/4/16,272.42,272.89,271.7,273.79
2018/4/17,273.4,273.5,272.99,273.55
2018/4/18,273.57,273.04,272.3,273.57
2018/4/19,273.89,274.09,273.5,274.5
2018/4/20,274.09,272.88,272.71,274.09
2018/4/23,273.82,271.45,271.38,273.82
2018/4/24,271.52,271.09,270.65,271.52
2018/4/25,271.67,270.51,270.5,271.67
2018/4/26,270.4,271.27,270.3,271.28
2018/4/27,271.29,270.3,269.9,271.29
2018/5/2,270.3,269.84,268.76,270.3
2018/5/3,270.62,269.4,268.9,270.62
2018/5/4,270.53,269.48,269.22,270.53
2018/5/7,270.62,269.99,269.5,270.95
2018/5/8,270.71,270.35,269.99,270.71
2018/5/9,271.3,269.61,269.29,271.3
2018/5/10,270.62,270.1,269.7,270.62
2018/5/11,270.4,270.79,270.22,270.8
2018/5/14,271.42,270.52,270.33,271.42
2018/5/15,270.3,269.47,269.04,270.55
2018/5/16,269.62,267.1,266.45,269.62
2018/5/17,267,265.49,265.2,267
2018/5/18,267,265.8,265.41,267
2018/5/21,265.85,265.32,264.8,266.27
2018/5/22,266.8,266.01,265,266.8
2018/5/23,267.8,266.49,265.9,267.8
2018/5/24,268.8,267.65,266.15,268.8
2018/5/25,267.5,268.87,267.03,268.96
2018/5/28,269.5,267.8,267.6,269.5
2018/5/29,268.58,268.4,267.6,268.92
2018/5/30,269.88,268.85,268.31,270
2018/5/31,270,269.54,268.92,270
2018/6/1,270.55,269.09,268.7,270.55
2018/6/4,270,267.94,267.67,270
2018/6/5,269.17,267.5,267.23,269.17
2018/6/6,268.11,267.87,267.4,268.4
2018/6/7,267.94,268.09,267.3,268.3
2018/6/8,268.9,268.13,267.55,268.9
2018/6/11,269.12,268.26,268.01,269.12
2018/6/12,269.08,268.11,268.1,269.08
2018/6/13,268.99,267.86,267.15,268.99
2018/6/14,268.79,268.93,267.6,269
2018/6/15,269,268.67,268.61,269.8
2018/6/19,268,267.82,266.8,268
2018/6/20,267.82,266.3,266.2,267.82
2018/6/21,268,265.75,265.25,268
2018/6/22,266.21,266.68,265,266.75
2018/6/25,267.3,267.16,266.41,267.6
2018/6/26,269,267.2,267.01,269
2018/6/27,266.99,267.56,266.6,267.75
2018/6/28,267.65,267,267,267.75
2018/6/29,267.4,267.38,266.9,267.77
2018/7/2,267.95,267.42,267.2,268.22
2018/7/3,268.9,267.84,267.5,268.9
2018/7/4,268.6,268.4,267.8,269.4
2018/7/5,269.39,268.29,268.25,269.39
2018/7/6,267.56,269.21,267.56,269.35
2018/7/9,269.9,269.1,268.85,269.9
2018/7/10,270,268.25,268.1,270
2018/7/11,268.3,269,268,269.9
2018/7/12,269.4,267.99,267.9,269.4
2018/7/13,268.8,267.8,267.75,268.8
2018/7/16,269,268.15,267.7,269
2018/7/17,269.5,267.87,267.25,269.5
2018/7/18,269,265.47,264.9,269
2018/7/19,267,266.29,265.55,267
2018/7/20,266.37,267.48,265.5,267.5
2018/7/23,267.8,268.4,266.6,268.55
2018/7/24,269,268.43,267.9,269
2018/7/25,269.5,268,268,269.5
2018/7/26,268.95,268.58,268.1,268.95
2018/7/27,268.9,268.25,268.25,268.9
2018/7/30,268.82,268.29,268.21,268.94
2018/7/31,268.8,268.65,268.09,268.9
2018/8/1,269,268.24,267.91,269
2018/8/2,269,267.93,267.9,269
2018/8/3,269,267.81,267.53,269
2018/8/6,269,267.6,267.15,269
2018/8/7,268.5,267.61,267.08,268.5
2018/8/8,267.5,267.2,266.5,267.6
2018/8/9,266.9,267.14,266.52,267.39
2018/8/10,268.3,267.24,266.95,268.3
2018/8/13,268.3,267.72,267.6,268.3
2018/8/14,267.72,265.51,265.48,267.72
2018/8/15,266.49,264.97,264.85,266.49
2018/8/16,265.69,262.39,260.75,265.69
2018/8/17,262.8,261.59,261.5,262.8
2018/8/20,262.35,263.18,261.6,263.18
2018/8/21,263.3,264.51,262.95,264.59
2018/8/22,264.7,264.1,263.1,264.7
2018/8/23,264.3,264.26,263.8,270
2018/8/24,264.75,264.6,263.75,265
2018/8/27,264.6,265.3,264,265.8
2018/8/28,266.01,266.34,264.7,266.58
2018/8/29,266.6,265.69,264.81,266.6
2018/8/30,265.7,266,265.38,266
2018/8/31,265.65,266.47,265.12,266.5
2018/9/3,267,265,265,267
2018/9/4,265.49,264.14,264,265.49
2018/9/5,264.14,263.91,263.7,264.35
2018/9/6,265,264.8,263.7,265.1
2018/9/7,265.8,265.22,264.8,265.83
2018/9/10,265.76,265.19,264.66,265.76
2018/9/11,266,265.38,264.67,266
2018/9/12,266,265.2,264,266
2018/9/13,265.98,266.15,264.61,266.42
2018/9/14,266.6,266.72,265.71,266.98
2018/9/17,268,265.69,265.5,268
2018/9/18,266.88,265.79,265.67,267
2018/9/19,267.48,266.69,265.9,267.48
2018/9/20,266.05,266.54,266.05,266.92
2018/9/21,267.45,267.7,266.37,267.9
2018/9/25,267.8,266.53,266,267.8
2018/9/26,266.95,267.1,266.5,267.15
2018/9/27,267.8,266.3,265.98,267.8
2018/9/28,266,264.06,263.6,266
2018/10/8,268.49,266.98,264.6,268.49
2018/10/9,267.49,266.72,266.08,267.49
2018/10/10,267.3,266.46,266,267.3
2018/10/11,266.68,268.28,266.3,268.3
2018/10/12,269.45,271.35,268.31,272.35
2018/10/15,272.68,274.45,270.11,274.8
2018/10/16,275.12,274.25,273.51,275.4
2018/10/17,275.25,273.74,273.2,275.25
2018/10/18,274.76,273.65,273.39,274.76
2018/10/19,274.49,274.2,274.06,275.38
2018/10/22,275,274.7,274.2,275.1
2018/10/23,274.95,276.32,273.6,276.69
2018/10/24,277.65,276.21,275.9,277.96
2018/10/25,276.45,276.5,270.01,278
2018/10/26,277.35,277.48,276.36,277.5
2018/10/29,277.5,277.2,276.7,278.6
2018/10/30,277.3,275.8,275.8,277.39
2018/10/31,275.95,273.8,273.8,276.94
2018/11/1,275.02,274.85,273.5,275.02
2018/11/2,275.66,274.34,274.34,275.9
2018/11/5,275.5,275.52,273.82,275.79
2018/11/6,276.32,274.86,274.7,276.32
2018/11/7,276.52,275.22,274.4,276.52
2018/11/8,276.09,273.86,273.7,276.09
2018/11/9,274.3,273.48,273.39,274.55
2018/11/12,275,271.25,271.11,275
2018/11/13,272.02,270.6,270.3,272.02
2018/11/14,270.6,270.13,269.85,270.8
2018/11/15,270.45,272.09,269.66,272.1
2018/11/16,272.09,272.69,270.53,272.73
2018/11/19,273.47,273.71,272.12,274.1
2018/11/20,273.98,274.42,273.5,274.55
2018/11/21,274.75,274.38,273.51,275.04
2018/11/22,274.75,274.65,273.52,274.95
2018/11/23,274.65,274.61,274.6,275.35
2018/11/26,274.4,275,274.1,275.2
2018/11/27,275,274.19,274,275.01
2018/11/28,275.2,272.9,272.6,275.2
2018/11/29,273.49,274.6,272.8,275.05
2018/11/30,273.91,274.65,273.91,275.88
2018/12/3,274.95,274.27,273.65,274.95
2018/12/4,275.6,274.06,273.9,275.6
2018/12/5,274.39,274.28,274.03,274.7
2018/12/6,274.69,275.3,274.18,275.87
2018/12/7,276.29,275.8,275.01,276.42
2018/12/10,276.67,278.83,276,279
2018/12/11,278.83,278.09,277.85,278.83
2018/12/12,278.09,277.45,277,278.69
2018/12/13,277.85,278.26,276.8,278.5
2018/12/14,277.5,277.48,276.61,277.5
2018/12/17,277.5,276.8,276.3,277.5
2018/12/18,278,278.59,276.99,278.6
2018/12/19,278.81,278.89,278.4,278.94
2018/12/20,279,278.99,278,279.8
2018/12/21,280.8,280.96,279.01,281.2
2018/12/24,281.28,281.76,280.5,282.4
2018/12/25,282.25,283.4,281.3,284
2018/12/26,284,284.21,283.1,284.49
2018/12/27,284.21,282.87,282.8,284.21
2018/12/28,283.99,284.6,283,284.9
2019/1/2,283.98,285.8,283.98,285.88
2019/1/3,285.89,287.31,285.3,287.98
2019/1/4,287.31,287.49,285.72,289.3
2019/1/7,287.49,286.18,284.8,288
2019/1/8,287.37,284.75,284.6,287.37
2019/1/9,286,283.88,283.65,286
2019/1/10,285,283.84,282.51,285.3
2019/1/11,284.99,283.2,282.61,284.99
2019/1/14,283.49,283.5,282.03,283.5
2019/1/15,283.95,282.32,282.2,284.25
2019/1/16,284,282.97,282.02,284
2019/1/17,283.3,283.1,282.2,283.4
2019/1/18,284,283.28,283.1,284
2019/1/21,284,282.18,281.87,284
2019/1/22,282.6,282.82,279.35,282.89
2019/1/23,284,282.34,282.13,284
2019/1/24,283.49,282.6,282.1,283.49
2019/1/25,282.6,282.39,281.7,282.6
2019/1/28,282.75,284.45,281.53,284.8
2019/1/29,284.98,285.92,283.55,286.1
2019/1/30,286.7,286.72,286.1,293.49
2019/1/31,286.55,286.7,285.61,286.8
2019/2/1,287.15,287.42,286.68,287.85
2019/2/11,286.51,287.43,286.51,287.8
2019/2/12,287.75,287.8,281.4,291.8
2019/2/13,288.49,287.07,287.07,288.49
2019/2/14,287.42,286.5,286.01,288.16
2019/2/15,286.7,288.41,286.06,288.57
2019/2/18,289,289.98,288.2,290.08
2019/2/19,290.8,290.67,289.1,291
2019/2/20,292.2,292.33,291,293.18
2019/2/21,293.8,290.71,290.56,293.8
2019/2/22,291.49,288.91,288.5,291.49
2019/2/25,288.91,288.33,287.62,289.8
2019/2/26,289.2,288,287.2,289.2
2019/2/27,288.97,287.89,280.6,288.97
2019/2/28,287.08,286.02,285.1,287.98
2019/3/1,288.2,284.49,284.4,288.2
2019/3/4,285.76,280.71,280.7,285.76
2019/3/5,280.73,279.5,278,280.73
2019/3/6,280.97,281.25,278.5,281.5
2019/3/7,281.25,280,279.7,284.49
2019/3/8,281.31,282.54,279.51,282.55
2019/3/11,283.5,283.5,282.2,284.29
2019/3/12,284,282.8,282.5,284
2019/3/13,283.98,284.86,283,284.88
2019/3/14,285.99,284.14,284.14,285.99
2019/3/15,284.14,284.29,282.6,284.4
2019/3/18,285,284.28,283.25,285
2019/3/19,284.85,285.2,283.03,285.3
2019/3/20,285.8,284.59,284.2,285.8
2019/3/21,285.48,286.5,283.7,286.6
2019/3/22,286.95,286.5,285.01,286.95
2019/3/25,286.88,287.21,286,287.3
2019/3/26,287.5,287.65,286.26,288.18
2019/3/27,287.65,287.1,286.67,287.8
2019/3/28,289,286.49,286.3,289
2019/3/29,285.61,281,281,286.5
2019/4/1,284.2,282,281.4,284.2
2019/4/2,283,281.51,281.35,283
2019/4/3,283,282.05,281.12,283
2019/4/4,283,282.71,281.71,283
2019/4/8,282.2,283.62,282.2,283.89
2019/4/9,283.62,283.8,283.62,284.78
2019/4/10,284.7,285.1,284.3,285.2
2019/4/11,285.45,285.15,284.35,285.8
2019/4/12,286,282.8,282.68,286
2019/4/15,283.45,281.45,281.2,283.45
2019/4/16,281.95,281.38,280.61,282.2
2019/4/17,281.49,279.7,279.2,281.49
2019/4/18,280.68,278.7,277.5,280.68
2019/4/19,280.2,279.61,278.07,280.2
2019/4/22,280,280.12,279.2,282
2019/4/23,280.95,279.16,278.2,280.95
2019/4/24,279.5,278.5,277.75,279.5
2019/4/25,280,280.1,278.11,280.25
2019/4/26,280.88,281,279.02,281
2019/4/29,281.98,280.49,279.99,281.98
2019/4/30,280.5,280.88,279.5,280.98
2019/5/6,283,282.06,281.8,283
2019/5/7,282.07,281.75,281,282.3
2019/5/8,280.71,282.65,280.71,283.09
2019/5/9,283,283.5,281.1,283.97
2019/5/10,282.8,283.32,282.8,284.15
2019/5/13,282.09,285.05,282.09,285.35
2019/5/14,286.12,288.7,285,289.48
2019/5/15,289.5,287.59,287.5,289.5
2019/5/16,289.45,288.71,288.1,289.45
2019/5/17,289.35,288,286.85,289.35
2019/5/20,289,287.19,286.23,289
2019/5/21,287.89,286.6,286.06,287.89
2019/5/22,287,286.37,285.3,287
2019/5/23,286.37,286.61,285.91,287.04
2019/5/24,288.48,288.54,287,288.83
2019/5/27,288.75,288.37,287.55,288.75
2019/5/28,288.88,288.5,287.8,288.88
2019/5/29,287.51,288.69,287,288.7
2019/5/30,287.95,287.1,287,288.99
2019/5/31,288.37,290.8,287.5,290.87
2019/6/3,291,294.51,290.89,294.57
2019/6/4,295.49,297.59,294.3,297.66
2019/6/5,297.59,298.97,295.9,299.08
2019/6/6,300,299.32,297.6,301
2019/6/10,299.32,298.77,298.2,299.9
2019/6/11,299.5,297,297,299.5
2019/6/12,298,299.61,296.08,300.51
2019/6/13,299.61,300.41,299.01,300.5
2019/6/14,301.45,305.04,299.6,305.37
2019/6/17,306,301.35,301.2,306.01
2019/6/18,301.5,303.6,301.5,304
2019/6/19,304.95,302.21,300,305
2019/6/20,305.3,308.58,301.01,310
2019/6/21,310,311,307.8,313.9
2019/6/24,312,313.26,310.7,314.66
2019/6/25,315.99,319.91,313.8,322
2019/6/26,321,314.44,310.02,321
2019/6/27,315,313.89,312,316
2019/6/28,312.1,314.43,312.1,317.85
2019/7/1,313.66,307.6,306.2,316.65
2019/7/2,306.8,309.77,306.8,310.09
2019/7/3,310.88,318,309.51,321.8
2019/7/4,318,315.01,314.52,318
2019/7/5,315.95,315.71,315,317
2019/7/8,316.25,314.07,310.52,316.25
2019/7/9,314.88,311.49,311.12,314.88
2019/7/10,311.45,311.14,310.85,312.39
2019/7/11,312.49,316.5,306.99,318
2019/7/12,316.99,314.6,313.5,317.89
2019/7/15,314.99,315,313.51,315.8
2019/7/16,315,315.38,312,315.6
2019/7/17,315.8,313.75,313.3,315.8
2019/7/18,314.45,316.55,313.45,318.1
2019/7/19,317.96,320.45,316,321.98
2019/7/22,329.99,318.45,317.5,329.99
2019/7/23,320,316.45,315.8,320
2019/7/24,316.66,317.55,316.66,319
2019/7/25,319,317.67,316.03,319.97
2019/7/26,319.97,316.84,315.2,319.97
2019/7/29,318.8,317.13,315.5,318.8
2019/7/30,320,318.47,316.9,320
2019/7/31,318.66,319.94,318,320
2019/8/1,321,315.21,314.44,329.04
2019/8/2,317,322.67,314.1,324
2019/8/5,323.3,331.99,313.33,332.6
2019/8/6,333.6,333.07,332,337.4
2019/8/7,333.75,340.3,330.55,340.5
2019/8/8,345,343.33,340.5,346.49
2019/8/9,342,343.4,340.02,345
2019/8/12,344.35,341.16,341.13,344.95
2019/8/13,345.88,350,342.84,350.02
2019/8/14,350.49,341.65,340,352.05
2019/8/15,347,344.6,342.86,347.5
2019/8/16,351.7,345.7,344.06,351.7
2019/8/19,345.7,344.28,343.18,345.92
2019/8/20,342.28,343.13,341.22,343.5
2019/8/21,344.75,342.5,342.5,344.75
2019/8/22,345,343.8,342.01,345
2019/8/23,341.5,343,341.5,344.7
2019/8/26,345,355.09,342.2,358
2019/8/27,357,355.72,353.1,357
2019/8/28,356.45,357.2,355.2,359
2019/8/29,360,358.9,356.2,369.24
2019/8/30,358.9,354.09,353,358.9
2019/9/2,356,352.99,352.01,356
2019/9/3,354.25,355.2,353.41,355.5
2019/9/4,356.88,356.89,355.01,360.1
2019/9/5,358,358.03,355.68,359.89
2019/9/6,358.88,348.74,347.1,358.88
2019/9/9,350,348.2,345.15,352.41
2019/9/10,349.95,343.38,342.22,349.95
2019/9/11,347,344.09,341.11,347
2019/9/12,347,344.8,342.36,347
2019/9/16,344.9,344.4,343.8,346
2019/9/17,345.85,343.7,340,346.85
2019/9/18,345.28,344.84,343.1,345.49
2019/9/19,345.75,343.52,342,346
2019/9/20,344.58,345.14,343.59,345.96
2019/9/23,347,348.69,343,350
2019/9/24,350.5,349.87,347.66,351.48
2019/9/25,352.59,352.15,348.01,352.98
2019/9/26,354,347.2,347.15,354
2019/9/27,346.02,345.25,344.44,349.5
2019/9/30,343.33,344.49,342.03,347.99
2019/10/8,344.33,344,342.6,344.46
2019/10/9,349,348.39,344.1,349
2019/10/10,350,346.41,343.01,350
2019/10/11,347.68,344.56,342.56,347.68
2019/10/14,344.56,339.84,337.95,344.56
2019/10/15,341.48,341.11,339.01,341.8
2019/10/16,335,340.14,335,342.5
2019/10/17,343,341.47,338.01,343
2019/10/18,341.47,340.36,339,342.58
2019/10/21,341.35,340.77,339.01,341.35
2019/10/22,342.5,340.16,338.61,342.5
2019/10/23,340.95,340.58,338.67,341
2019/10/24,285,339.94,285,343
2019/10/25,341.5,343.8,340.4,344
2019/10/28,345.75,343.64,342.11,346
2019/10/29,346,340.68,339.8,346
2019/10/30,340.35,339.8,338.21,340.75
2019/10/31,340.95,340.3,339.35,340.95
2019/11/1,340.3,343.27,340.3,343.66
2019/11/4,342.65,342.52,341.6,343.97
2019/11/5,345,340.99,340.4,345
2019/11/6,343,336.05,335.01,343
2019/11/7,337,335.84,335.2,337.79
2019/11/8,335.38,331.4,329,335.38
2019/11/11,335,330.93,327.02,335
2019/11/12,333,327.82,326,333
2019/11/13,328.98,330.9,321.4,331.2
2019/11/14,330,331.98,330,332.4
2019/11/15,333,331.12,330.62,333
2019/11/18,331.12,330.79,330.56,331.7
2019/11/19,333,332.45,329.51,333.6
2019/11/20,333.88,333.6,331.52,334.3
2019/11/21,334.98,333.43,332.78,334.98
2019/11/22,334.68,333.9,331.55,334.68
2019/11/25,334.36,330.89,330.59,334.36
2019/11/26,332.88,330.89,329.05,332.88
2019/11/27,331.95,331.5,329.5,331.95
2019/11/28,332.16,330.6,329.65,332.16
2019/11/29,329.09,331.69,329.09,331.7
2019/12/2,332.36,331.31,330,332.36
2019/12/3,331.4,333,331.02,333
2019/12/4,333.85,339.22,333.5,339.3
2019/12/5,339.98,336.49,335.5,339.98
2019/12/6,337.68,334.6,334.26,337.68
2019/12/9,337.1,332.31,331.61,337.1
2019/12/10,334.49,333.43,331.7,334.49
2019/12/11,332.91,332.68,332.34,333.53
2019/12/12,334,334.69,332.1,334.85
2019/12/13,335,331.75,330,336.9
2019/12/16,332.68,334.16,330.2,334.16
2019/12/17,334.86,333.71,333,334.86
2019/12/18,334.95,334.25,333.24,334.95
2019/12/19,334.9,333.52,332.8,334.9
2019/12/20,334.88,334.89,333.5,334.98
2019/12/23,335.36,336.08,333.05,336.32
2019/12/24,337,336.96,335.43,337.59
2019/12/25,337.88,338.59,336.62,339.55
2019/12/26,339.45,339.84,338.36,340.1
2019/12/27,341.86,340.47,338.11,342.29
2019/12/30,340.7,340.43,340.32,342.5
2019/12/31,340.4,340.8,340.4,343.5
2020/1/2,341.95,341.91,340.8,343
2020/1/3,342.98,347.3,340.9,347.48
2020/1/6,350,354.55,347,355.78
2020/1/7,356,351.35,350,356
2020/1/8,352.99,356.61,350.15,361
2020/1/9,355.55,345.84,344,358.6
2020/1/10,354,346.79,345.01,354
2020/1/13,347.45,345.7,345.5,348
2020/1/14,347.58,342.96,340.5,347.58
2020/1/15,343.98,344.97,342.6,345.85
2020/1/16,347,345.45,344.8,347
2020/1/17,347,344.75,343.9,347
2020/1/20,345.01,345.2,344,345.6
2020/1/21,345.98,348.2,345.1,348.8
2020/1/22,342,345.86,342,347.85
2020/1/23,346,347.88,345.7,348.1
2020/2/3,349,356.11,349,358
2020/2/4,357.8,354.06,353.61,357.8
2020/2/5,356,351.7,349.5,356
2020/2/6,351.7,349.39,348.5,351.7
2020/2/7,353,351.81,350.1,353
2020/2/10,354,353,351.15,354.4
2020/2/11,354.6,352.43,351.69,354.6
2020/2/12,352.64,350.89,350.02,352.98
2020/2/13,352.45,353.46,351,353.99
2020/2/14,354.8,353.79,352.9,354.8
2020/2/17,354.89,355.29,353.93,355.85
2020/2/18,356,357.23,354.82,357.5
2020/2/19,358.5,361.11,357.01,361.5
2020/2/20,364,362.29,359,364
2020/2/21,365,369.78,363.8,370
2020/2/24,372.8,376.9,369.31,378.49
2020/2/25,379,369.53,368.5,381
2020/2/26,374,371.76,369.5,374
2020/2/27,373.16,371.3,367.3,373.16
2020/2/28,371.3,365.36,365.35,373.2
2020/3/2,368.88,359.04,353,368.88
2020/3/3,362.5,358.64,356.8,362.5
2020/3/4,361.98,365,358.82,368
2020/3/5,367.58,366.49,364.01,367.58
2020/3/6,370,372.4,366.49,375.35
2020/3/9,373.67,373.46,367.27,377.8
2020/3/10,373.46,367.01,365.5,373.69
2020/3/11,368.88,370,366.2,370
2020/3/12,373,366.49,364.8,373
2020/3/13,369,356.02,348.98,369
2020/3/16,358.88,345,341,358.88
2020/3/17,340,331.07,328.15,340
2020/3/18,332.98,338.39,329.01,346
2020/3/19,339.75,336.15,331,342
2020/3/20,337,340,333.18,340.5
2020/3/23,342.98,339.2,337.1,342.98
2020/3/24,343,356.71,339,358.96
2020/3/25,363,362.98,358.01,372
2020/3/26,367.98,362,361.2,367.98
2020/3/27,367,365.45,364.12,367.98
2020/3/30,367.7,363.99,363.01,367.7
2020/3/31,364.5,364.27,363.5,365.55
2020/4/1,364.98,360,355.08,364.98
2020/4/2,360.9,360.53,355,361.5
2020/4/3,361.3,362.5,360.23,364.68
2020/4/7,370,371,370,377.48
2020/4/8,372.1,370.12,368.2,373.5
2020/4/9,373,370.3,368.63,373
2020/4/10,370.3,372.1,360.93,374
2020/4/13,372.4,371.95,371.1,373.79
2020/4/14,373.8,377,371.09,379
2020/4/15,379,374.01,368.55,380.3
2020/4/16,378,378.3,372.71,378.95
2020/4/17,380,369.92,369.52,386.36
2020/4/20,372.99,370.29,366.96,372.99
2020/4/21,373.6,374.64,371.5,374.8
2020/4/22,372,373.5,366,374.45
2020/4/23,376,378.8,372.01,380.1
2020/4/24,384.9,381.14,379.18,384.9
2020/4/27,383.98,380.45,379.1,383.98
2020/4/28,378.09,377.04,375.2,381
2020/4/29,379.4,378.1,375.8,379.4
2020/4/30,378.79,380.94,377,381
2020/5/6,380.95,380.3,377.01,380.95
2020/5/7,381,379.88,377.85,381.03
2020/5/8,379.85,383.5,378.16,383.5
2020/5/11,384.6,381.26,380.3,384.6
2020/5/12,383,380.99,379.71,383
2020/5/13,383,381.1,380.11,383
2020/5/14,382,383.49,381.09,383.7
2020/5/15,384.83,388.81,382.28,389.6
2020/5/18,391.8,398.21,387.72,399.8
2020/5/19,402.6,392.39,391,402.6
2020/5/20,393.99,396.73,392.2,397.2
2020/5/21,400,391.99,391.81,400
2020/5/22,395,392,388.69,395
2020/5/25,393.6,391.33,391,393.6
2020/5/26,394.4,393.16,391.21,394.4
2020/5/27,393.99,390,388.87,393.99
2020/5/28,391.98,392.41,386,392.75
2020/5/29,392.9,391.93,390.1,392.9
2020/6/1,395,395.99,393.03,396.59
2020/6/2,397.4,394.8,394.01,397.4
2020/6/3,396.68,391.2,391.1,396.68
2020/6/4,392.95,387.86,386.29,392.95
2020/6/5,389.69,387.84,387.5,390.95
2020/6/8,390.8,384.22,380.79,390.8
2020/6/9,385.8,384.61,382.6,385.8
2020/6/10,385.78,388.89,385.3,388.9
2020/6/11,390.5,391.9,387.5,392.3
2020/6/12,389.12,391.13,389.12,393.3
2020/6/15,392.5,388.53,388.5,393.5
2020/6/16,389.6,389.59,386,391.25
2020/6/17,393.1,390.5,389,393.1
2020/6/18,390.6,389.89,388.78,390.75
2020/6/19,390.98,390.67,389.4,391.2
2020/6/22,394.6,393.82,390.15,396.49
2020/6/23,396,394.5,393.25,396
2020/6/24,397.8,397,394.85,397.8
2020/6/29,399,397.15,397,399
2020/6/30,397.02,397.76,396.85,398.09
2020/7/1,397.76,400.82,397,401
2020/7/2,401,396.04,395.93,401
2020/7/3,398,397.55,394.91,398.5
2020/7/6,398,396.97,396.45,398
2020/7/7,398,397.46,396.01,398.2
2020/7/8,399,399.39,396.55,399.66
2020/7/9,405,401.99,399.99,405
2020/7/10,404.5,399.79,399,404.5
2020/7/13,404,401.18,399.3,404
2020/7/14,403.99,400.33,399,403.99
2020/7/15,400.33,400.39,399.8,401.75
2020/7/16,401.75,399.79,399.3,401.75
2020/7/17,403.5,397.44,396.04,403.5
2020/7/20,398,398.69,397.51,398.8
2020/7/21,399.49,401.66,399.49,402.5
2020/7/22,401.66,410.44,401.66,415.99
2020/7/23,414,412.65,406.1,414
2020/7/24,412.01,417.95,412.01,417.99
2020/7/27,417.99,426.85,417.8,430.48
2020/7/28,427.03,425.2,423,436
2020/7/29,425,427.07,422,428.88
2020/7/30,427,422,422,428.6
2020/7/31,420.2,428.97,420.19,429
2020/8/3,428.99,427.68,425.5,429.79
2020/8/4,427.1,428.09,426.5,428.8
2020/8/5,428.29,439.59,427.11,440.5
2020/8/6,441.45,442.99,436,443.25
2020/8/7,446,445.99,443.5,449
2020/8/10,445.13,441.9,439,446.8
2020/8/11,442.98,433,430.1,444.8
2020/8/12,415.27,407,401.4,428.5
2020/8/13,407.85,412.5,407.85,415
2020/8/14,411.72,416.54,411,422.77
2020/8/17,416.54,420.7,415.7,421.5
2020/8/18,423.99,430,420.31,430.42
2020/8/19,431.2,423.88,422,433.21
2020/8/20,426.87,415.6,412.51,426.87
2020/8/21,414.1,414.99,412,416.7
2020/8/24,405,415.71,404.4,417
2020/8/25,417.99,413,412.6,419
2020/8/26,423.89,412.58,412,423.89
2020/8/27,412.9,417.6,411.11,417.89
2020/8/28,416.56,418.18,413,423
2020/8/31,419.69,419,417.56,421
2020/9/1,420.38,423.98,419.02,424.04
2020/9/2,424.9,418.3,418.3,426
2020/9/3,417.01,414.5,412,420.39
2020/9/4,415.5,414.8,412.11,416
2020/9/7,415.98,413.22,411.4,424.05
2020/9/8,413.99,414.5,412.08,414.9
2020/9/9,411.01,414.78,409.92,415.79
2020/9/10,414,417.43,413.18,417.7
2020/9/11,417.5,416.29,414.6,419.5
2020/9/14,416.98,415.5,415.5,417.55
2020/9/15,415.15,417.03,415.15,418
2020/9/16,417.99,416.46,414.89,418
2020/9/17,415.04,413.7,412.38,417
2020/9/18,413,415.48,411.28,415.5
2020/9/21,415.01,415.27,414,416.25
2020/9/22,414,405.58,398.86,414.8
2020/9/23,405.89,400.67,398.5,407.8
2020/9/24,400,395.29,394,401.58
2020/9/25,395.5,400,395.01,400.4
2020/9/28,398.2,399.21,397.5,400
2020/9/29,397.72,403.8,397.72,404.5
2020/9/30,404.5,402.97,402.77,405.6
2020/10/9,403.8,404.49,402.5,405.8
2020/10/12,406,408.79,404.65,409.8
2020/10/13,409.3,406.63,406.2,409.7
2020/10/14,407.48,402.85,399.8,407.6
2020/10/15,403.5,402.3,400.61,404.48
2020/10/16,401.25,404,400.65,404.5
2020/10/19,403.7,404.4,401.03,404.45
2020/10/20,404.96,401,401,404.97
2020/10/21,402.4,404.1,402,404.8
2020/10/22,402.91,404.01,402.91,405.69
2020/10/23,403.02,402.74,401.1,404
2020/10/26,405,400.9,400.2,405.5
2020/10/27,401.3,404.02,401.3,404.49
2020/10/29,403.78,399.47,398.7,403.78
2020/10/30,398.58,397.21,395,399
2020/11/2,397.98,399.9,397.6,400.4
2020/11/3,400.58,401.56,399.15,402.2
2020/11/4,402.02,402.66,402.02,404.6
2020/11/5,405,402.37,399.5,405
2020/11/6,403.66,406.94,403.66,408.8
2020/11/9,408.98,406.2,406.2,409.28
2020/11/10,405.15,396.69,392,405.15
2020/11/11,394.02,396,394.02,396
2020/11/12,395.2,394.39,392.2,395.4
2020/11/13,394.99,395.93,393.9,396.5
2020/11/16,396.38,396.01,395.25,398.5
2020/11/17,392.58,395.8,391.58,396.8
2020/11/18,394.68,393.72,392.4,396.27
2020/11/19,392,391.5,390.23,394.2
2020/11/20,390.06,392.1,390.05,392.9
2020/11/23,395,391.65,391,395
2020/11/24,390.9,383.36,381.51,391.89
2020/11/25,380,378.45,377.7,381.85
2020/11/26,379.9,378.85,278.39,380.7
2020/11/27,378.8,377.5,377.5,379.81
2020/11/30,377,370.58,366,378
2020/12/1,368.5,372.99,367,373.1
2020/12/2,374.88,378.43,374.88,378.5
2020/12/3,380.5,382.98,378.2,382.99
2020/12/4,382.6,383.38,379.01,383.5
2020/12/7,383.39,382.52,380.3,383.39
2020/12/8,380.33,386.76,380.33,387.86
2020/12/9,385.99,384.75,384.3,388.2
2020/12/10,384.75,381.46,381,385.7
2020/12/11,378,381.46,369.61,384.1
2020/12/14,381.6,380.46,380.45,383.69
2020/12/15,380.2,383.8,379.02,384.09
2020/12/16,384,385.44,383.5,386.8
2020/12/17,386.75,388.7,384.1,388.8
2020/12/18,389,390.34,388.22,391.89
2020/12/21,390.98,395.96,389.43,397.91
2020/12/22,391.3,390.32,390.3,394.48
2020/12/23,390.31,390.12,388.6,392.5
2020/12/24,388.55,390.4,387.6,391.8
2020/12/25,389.73,392.21,389.11,392.74
2020/12/28,392.99,391.61,391.36,396
2020/12/29,391.4,390.66,389.8,395
2020/12/30,390.8,390.39,389.8,391.5
2020/12/31,389.54,390,389.54,394.5
2021/1/4,397.48,398.09,396,399.5
2021/1/5,398.12,401,398.12,401.2
2021/1/6,401.58,400.73,399.71,402.48
2021/1/7,401,398.49,394.02,401.73
2021/1/8,395.21,395.97,395.2,397.99
2021/1/11,393.58,385,379,394
2021/1/12,384.51,387.99,382.99,388
2021/1/13,388.85,386.5,384.7,388.85
2021/1/14,387.8,383.7,382.5,388
2021/1/15,384.95,385.41,383.8,387.6
2021/1/18,385.58,384.6,380.8,386.02
2021/1/19,385,384.97,384,386
2021/1/20,385.48,386.76,383.2,386.88
2021/1/21,386,389.46,383.03,390
2021/1/22,389.6,388.09,387.25,389.6
2021/1/25,381.09,386,381.09,388.9
2021/1/26,386,387.45,386,390.5
2021/1/27,386.51,385.39,383.8,387.48
2021/1/28,384,382.23,382.22,386
2021/1/29,384,384.5,382.65,386.92
2021/2/1,385.45,388.47,384.01,389.45
2021/2/2,389,384.83,384.7,389.9
2021/2/3,384.01,382.36,381.28,386.2
2021/2/4,382,379.5,377.3,383.69
2021/2/5,379.59,376.23,373.21,379.59
2021/2/8,378,378.59,374.61,378.79
2021/2/9,372,382.74,372,383.19
2021/2/10,384,383,380.81,384
2021/2/18,377.01,372.06,370.5,377.01
2021/2/19,373.87,370.67,368.5,373.9
2021/2/22,369.8,374.5,369.53,375.49
2021/2/23,375,377.99,375,379.12
2021/2/24,378.99,377.28,375.8,378.99
2021/2/25,377.28,373.04,372.58,377.6
2021/2/26,372,368.26,367.1,374.4
2021/3/1,368.26,367.37,360,370
2021/3/2,366,360.42,357.5,366
2021/3/3,362.79,362.08,360,363
2021/3/4,362.96,359,356.12,362.96
2021/3/5,358.5,355.7,353.43,359.69
2021/3/8,356,358.95,354.8,360
2021/3/9,353.06,357.75,353.06,357.85
2021/3/10,357.75,361.07,357.75,362.33
2021/3/11,360,364.91,360,365.2
2021/3/12,363.41,359.62,359.5,364.5
2021/3/15,365.44,362.88,358.34,365.44
2021/3/16,364.29,363.26,363,364.8
2021/3/18,363,366.79,362.7,368.33
2021/3/19,364.51,366.64,362.02,367
2021/3/22,365.65,364.4,364,367.65
2021/3/23,364.31,366.2,364,366.26
2021/3/24,366,364.59,363.8,366.45
2021/3/25,365,365.68,364.05,367.3
2021/3/26,365.02,365.1,364.21,368.7
2021/3/29,365,365.4,364.6,366.6
2021/3/30,366.45,360.66,360,366.45
2021/3/31,358.5,356.79,355.3,359
2021/4/1,356.5,364.49,356,364.56
2021/4/2,364.1,368.04,363.22,368.89
2021/4/6,368.5,366.39,365.8,368.5
2021/4/7,367.7,368.14,366.9,368.59
2021/4/8,366.03,369.2,366.03,369.49
2021/4/9,370,370.15,369.66,372.3
2021/4/12,370.98,368.62,367.3,370.98
2021/4/13,368.7,365.59,364.95,368.7
2021/4/14,365.9,368.6,365.8,369.5
2021/4/15,368.31,368.52,366,368.75
2021/4/16,368.95,371.8,368.12,373
2021/4/19,373.5,374.7,373.33,375.95
2021/4/20,374.61,371.44,370.5,374.62
2021/4/21,372.39,374.65,371,375.08
2021/4/22,374.6,375.2,372.09,376.79
2021/4/23,375.5,373.81,373.25,375.5
2021/4/26,376.1,372.83,371.5,376.1
2021/4/27,372.2,372.97,371.4,373.5
2021/4/28,372.6,370,370,374.2
2021/4/29,370.5,372.44,370,374.4
2021/4/30,372.3,370.97,368,372.39
2021/5/6,373,375.35,373,375.8
2021/5/7,375,379.82,374.61,379.95
2021/5/10,379,380.7,378.51,382.6
2021/5/11,380.21,380.7,380.1,382.08
2021/5/12,381.81,381.29,377.52,381.98
2021/5/13,380.9,379.41,378.82,383
2021/5/14,378.01,381.13,378.01,381.8
2021/5/17,380,385.57,380,386.5
2021/5/18,384.95,388.2,384.5,389.8
2021/5/19,389.99,388.83,386.51,389.99
2021/5/20,387,389.14,386,392.2
2021/5/21,389.5,389.4,388.36,391.3
2021/5/24,390,390.8,388.02,392.5
2021/5/25,390,389.68,387.55,391.29
2021/5/26,389.2,393.2,389,394.6
2021/5/27,393.99,390.5,390.01,394.29
2021/5/28,390.5,388.82,388.25,391
2021/5/31,386.3,391.1,386.2,392.2
2021/6/1,391,393.5,391,393.8
2021/6/2,391.9,387.97,343,393.5
2021/6/3,388,385.44,384.9,389.6
2021/6/4,382.1,382.51,374.99,385
2021/6/7,381.7,384.29,381,384.8
2021/6/8,384.3,385.3,384.3,388.1
2021/6/9,386.6,386,384.03,387
2021/6/10,386.88,384.73,383.9,386.88
2021/6/11,383.2,388.01,382.01,388.4
2021/6/15,383.2,381.99,379,383.2
2021/6/16,381.95,381.09,379,381.98
2021/6/17,378.39,374,373.6,381.65
2021/6/18,371.7,371,368.8,373.8
2021/6/21,373,370.58,368.3,373
2021/6/22,370.95,371.56,370.11,372.8
2021/6/23,371.99,371.93,370.15,372.5
2021/6/24,372.55,370.35,370.35,374.3
2021/6/25,371.98,370.74,369.5,372.1
2021/6/28,371.4,371.16,368.8,371.79
2021/6/29,369.3,369.29,369.21,371.1
2021/6/30,369,365.82,365.6,369.5
2021/7/1,366,370.26,365.8,371
2021/7/2,369.01,371.09,369.01,371.65
2021/7/5,372,372.5,370,374.12
2021/7/6,372.6,375.99,371.5,376
2021/7/7,376,375.39,374.02,377.39
2021/7/8,375.8,376,374.75,376.89
2021/7/9,376.99,376.69,374.5,378.3
2021/7/12,373.68,375.62,373.68,377.6
2021/7/13,375.18,376.87,374,377.2
2021/7/14,377.25,377.71,375.5,378.2
2021/7/15,378.65,380.5,378,381
2021/7/16,380.93,379.24,378.8,381.1
2021/7/19,379.06,376.5,376.26,380.24
2021/7/20,376,378.48,375.3,379.53
2021/7/21,380.1,377.03,376.1,380.3
2021/7/22,375.01,375.01,374.24,376.4
2021/7/23,376,376.37,373.9,376.5
2021/7/26,375.1,377.68,375,377.7
2021/7/27,379.49,376.49,374.11,379.5
2021/7/28,375.7,377.94,375.5,378.7
2021/7/29,376.94,378.78,376,379.65
2021/7/30,380.5,380.9,378.8,381
2021/8/2,380.01,376.25,376.25,380.9
2021/8/3,377.16,376.91,376,377.58
2021/8/4,376.42,377.46,376.4,377.65
2021/8/5,377.58,376.75,376.4,380.4
2021/8/6,388.5,374.73,371,388.5
2021/8/9,376.98,365.44,362.5,376.98
2021/8/10,365.44,363.5,362,365.5
2021/8/11,363,362.37,360.5,363.25
2021/8/12,363.98,366.8,363.08,366.99
2021/8/13,366.6,367.69,364.6,367.75
2021/8/16,367,371.14,367,372
2021/8/17,370,374.7,370,375
2021/8/18,366,374.2,366,375
2021/8/19,371.1,372.87,371.1,373.99
2021/8/20,373.5,374.39,372.5,374.99
2021/8/23,374.4,373.66,371.79,374.4
2021/8/24,373.79,376.44,373.79,377
2021/8/25,376.4,374.4,374.35,377
2021/8/26,375,373.27,372.8,375.5
2021/8/27,373.5,376.39,372.1,377
2021/8/30,376,377.5,374,379.78
2021/8/31,377.51,377.55,376,378.2
2021/9/1,379.98,377.38,375.2,379.98
2021/9/2,379,377.29,376.3,379
2021/9/3,376.8,376.95,375.63,377.6
2021/9/6,377.99,379.43,377.99,380.98
2021/9/7,380.49,378.5,377.79,380.49
2021/9/8,378.48,374.85,373.8,378.48
2021/9/9,375.98,373.17,371.6,375.98
2021/9/10,375.38,374.09,371.81,375.38
2021/9/13,374.8,372.95,371.8,374.8
2021/9/14,373,373,372.05,373.79
2021/9/15,373,374.1,371.4,375.5
2021/9/16,374.8,371.09,370,375.3
2021/9/17,370,367.73,364.2,370
2021/9/22,372,372.23,371,372.75
2021/9/23,372,368.54,368.05,372
2021/9/24,370,366.69,365.11,370
2021/9/27,366.5,367.74,364.3,368.11
2021/9/28,367.9,364.62,363.6,367.97
2021/9/29,364.2,363.64,362,364.39
2021/9/30,364.3,362.14,361,364.47
2021/10/8,367.19,365.9,365.9,367.43
2021/10/11,367,365.15,365,370.5
2021/10/12,367,367.37,276.99,367.79
2021/10/13,367.1,367.16,366.6,368.2
2021/10/14,369.5,371.99,366.4,372.49
2021/10/15,372.8,371.09,371,373.2
2021/10/18,367.09,366.36,366.01,370.49
2021/10/19,367.74,367.87,366.03,367.97
2021/10/20,367.8,366.64,364.5,368.1
2021/10/21,367.54,368.2,366.2,369
2021/10/22,368,369.89,367.3,370
2021/10/25,369.5,369.5,367.01,372.5
2021/10/26,371.8,370.45,370.01,372.3
2021/10/27,370.99,367.49,366.51,370.99
2021/10/28,368.5,371.67,367.5,371.76
2021/10/29,369.09,370.19,369.09,372
2021/11/1,368,368.58,366.65,369.5
2021/11/2,367,370.23,367,370.5
2021/11/3,370.63,367.35,366.8,370.63
2021/11/4,368.29,366.4,364.1,368.29
2021/11/5,366.8,370.89,366.8,371
2021/11/8,371.97,374.61,369.6,376.2
2021/11/9,374,375.89,374,376.5
2021/11/10,375.8,375.67,375.3,377.2
2021/11/11,376.4,382.2,375.6,383
2021/11/12,383,382.15,380,383.7
2021/11/15,380,380.68,380,383.5
2021/11/16,381.5,382.39,381.04,383.5
2021/11/17,384.99,381.7,380,385.5
2021/11/18,381.7,382.5,381.4,383.7
2021/11/19,383,382.68,381.02,383.19
2021/11/22,383.2,378.51,378.2,383.3
2021/11/23,379.5,372.48,371,379.5
2021/11/24,368.53,369.89,368,372
2021/11/25,368.5,369.78,367.5,369.88
2021/11/26,369.76,372.18,368.2,372.2
2021/11/29,373,369.44,369,373
2021/11/30,369.01,368.51,367.25,369.5
2021/12/1,369,367.32,364.75,371
2021/12/2,368.18,365.55,365.2,368.18
2021/12/3,365.99,365.16,363.7,367.6
2021/12/6,366.56,367.99,363.59,368
2021/12/7,368.89,367.47,366.4,368.89
2021/12/8,367.47,367.73,365.3,376.18
2021/12/9,366.4,366.67,365.6,367.3
2021/12/10,365.8,365.85,364.5,367.1
2021/12/13,365.5,367.52,365.21,367.77
2021/12/14,369,367.63,366.8,369
2021/12/15,366.9,363.94,363.6,366.9
2021/12/16,365,367.35,363.41,367.75
2021/12/17,367.5,371.99,366.5,372.1
2021/12/20,371.53,371,371,373.5
2021/12/21,369.51,368.9,368.4,371
2021/12/22,371.09,367.8,367.8,371.09
2021/12/23,369,371.82,368.5,372.02
2021/12/24,371.5,372.69,370.1,372.89
2021/12/27,371.6,372.27,371.51,372.94
2021/12/28,378.8,373.55,260.88,378.8
2021/12/29,373.6,371.61,371.15,373.8
2021/12/30,360.8,369.79,280.01,371.1
2021/12/31,370.7,373.85,369.7,374.48
2022/1/4,373,371.3,371,373
2022/1/5,371.3,372.84,370.4,373.97
2022/1/6,373.6,370.84,369.7,374.8
2022/1/7,372.6,368.37,367.9,372.6
2022/1/10,367.01,368.87,367,369.8
2022/1/11,370.5,372.06,368.8,372.5
2022/1/12,373.3,373.31,370.9,374.7
2022/1/13,373.8,374.29,373.05,374.9
2022/1/14,375.25,374.18,372.5,375.25
2022/1/17,375,372.89,371.91,375
2022/1/18,371,371.64,300,372.9
2022/1/19,372.8,371.8,370.6,374.1
2022/1/20,372,376.39,372,377
2022/1/21,374.5,376.64,374.5,377.6
2022/1/24,375.05,375.72,374.8,377
2022/1/25,375.21,376.34,374,376.49
2022/1/26,376,376.67,375.5,377.38
2022/1/27,376.22,370.28,369.8,376.99
2022/1/28,370.8,369.04,368.1,371.9
2022/2/7,369.47,371.35,369.47,371.54
2022/2/8,371.02,373.11,371,373.78
2022/2/9,373.4,374.87,373,375.1
2022/2/10,374.95,375.7,275.05,376.3
2022/2/11,375.99,373.84,373.7,376
2022/2/14,374.6,379.9,373,381.15
2022/2/15,380.68,384.04,379.9,384.35
2022/2/16,380,378.94,367.59,381.9
2022/2/17,378.52,382.29,378.01,382.8
2022/2/18,384.99,385.47,383.2,386.6
2022/2/21,385.47,385.28,384.1,387.29
2022/2/22,385.4,390.44,385.4,390.58
2022/2/23,386.36,386.41,385.98,388.29
2022/2/24,385.33,395.14,385.3,396.75
2022/2/25,396.8,389.61,388,399.99
2022/2/28,386.5,386.7,384,390
2022/3/1,387.5,387.9,385,389.5
2022/3/2,390.5,394.67,388.02,394.8
2022/3/3,394.67,391.95,390.5,394.67
2022/3/4,393,393.99,391.6,395.6
2022/3/7,393.99,401.5,393.8,405.5
2022/3/8,402.9,409.96,398.5,410.98
2022/3/9,405,415.11,405,418
2022/3/10,410,402.1,399.3,410.01
2022/3/11,405.97,403.6,402.8,408
2022/3/14,403.01,400.69,399.8,404.5
2022/3/15,400,393.7,392,400.19
2022/3/16,390,391.31,389.8,394.8
2022/3/17,391,394.09,388.06,395
2022/3/18,395.9,395.64,393.4,397.49
2022/3/21,396,393.66,393,396.4
2022/3/22,393.16,396.25,393,397.78
2022/3/23,394.6,393.81,392.5,395.5
2022/3/24,396,398,396,399.59
2022/3/25,400.99,400,399,402.4
2022/3/28,398.5,396.5,396.5,401.6
2022/3/29,397,394,394,398.7
2022/3/30,391.5,393.84,387.7,394.54
2022/3/31,393.85,394.14,392.15,395.5
2022/4/1,394.3,395.2,392.61,396.8
2022/4/6,393.89,393.2,393,394.97
2022/4/7,393.02,394.3,393.02,395.52
2022/4/8,395.44,395.12,394.3,396.15
2022/4/11,396,398.39,395.58,399
2022/4/12,401,400.28,398.05,402.5
2022/4/13,401.48,401.91,400.05,403.49
2022/4/14,403.8,403.41,402.8,404.5
2022/4/15,403.51,404.48,402,404.98
2022/4/18,402.45,406.82,402.45,407.2
2022/4/19,407.33,404.81,403.65,407.59
2022/4/20,405,399.86,398.6,405.85
2022/4/21,401,403.7,400.6,404.38
2022/4/22,402.5,405.74,401,406
2022/4/25,404,403.98,402.75,406.5
2022/4/26,402.99,400.17,399.1,402.99
2022/4/27,401,400.64,400,402.19
2022/4/28,400.58,399.95,397.31,401.2
2022/4/29,401.6,405.2,401,406.4
2022/5/5,403.51,402.69,402.05,404.19
2022/5/6,404,403,400.7,406
2022/5/9,403.99,403.8,402.3,405
2022/5/10,402.8,402.36,401.4,404.7
2022/5/11,401.58,400.35,397.5,404.99
2022/5/12,400.1,402.69,400,403.5
2022/5/13,402.5,398.95,398.91,403.45
2022/5/16,397.6,396.26,394.8,397.6
2022/5/17,396.49,397.18,394.45,398.3
2022/5/18,396.9,394.78,393.2,398.19
2022/5/19,395,394.86,390.09,396
2022/5/20,397,396.61,396.6,399
2022/5/23,396.25,398.23,395.4,399.3
2022/5/24,398,399.31,396.5,399.39
2022/5/25,398.6,399.36,398,400
2022/5/26,400,400.87,398.5,401.1
2022/5/27,400,402.5,400,402.7
2022/5/30,401.4,399.09,398.5,402.2
2022/5/31,400.5,398.35,397.31,400.5
2022/6/1,400,395.62,394.8,400
2022/6/2,395.5,398.22,394.8,398.8
2022/6/6,399.99,397,396.7,399.99
2022/6/7,398.75,396.31,394.8,398.75
2022/6/8,398,397,395,398.49
2022/6/9,393.99,398.29,393.05,399.53
2022/6/10,397,397.19,396.66,398.3
2022/6/13,396.5,403.02,394.7,404.6
2022/6/14,403,396.48,395.5,403
